Country Name,Country Code,Indicator Name,Indicator Code,2001,2002,2003,2004,2005,2006,2007,2008,2009,2010,2011,2012,2013,2014,2015,2016,2017,2018,2019,2020
Aruba,ABW,"Inflation, consumer prices (annual %)",FP.CPI.TOTL.ZG,2.8836043031626,3.31524678585428,3.65636507938414,2.52912946932762,3.39778677828806,3.60802438784541,5.39256784475512,8.9559870517779,-2.13542872046934,2.07814071860782,4.31629742195207,0.627471992893334,-2.37206524252253,0.42144091888116,0.474763597342612,-0.931195987079616,-1.02828178762002,3.62604141352956,4.25746204335428,
Africa Eastern and Southern,AFE,"Inflation, consumer prices (annual %)",FP.CPI.TOTL.ZG,5.84035398311558,8.76375164814544,7.44970014007364,5.02342068616284,8.55803802239772,8.89816380214033,8.45077480634995,12.5666446595157,8.95421802392944,5.53753791645677,8.97120640995792,9.15870715471667,5.74694885275767,5.37028961008588,5.25017086354882,6.59460441456991,6.39934341569383,4.720811388773,3.92337243454464,4.97809676252292
Afghanistan,AFG,"Inflation, consumer prices (annual %)",FP.CPI.TOTL.ZG,,,,,12.6862687216715,6.78459655001657,8.68057078513406,26.4186641547444,-6.81116108898995,2.1785375238942,11.8041858089129,6.44121280934118,7.38577178397857,4.67399603536339,-0.661709164713696,4.38389195513914,4.9759515055383,0.626149149168811,2.30237251516844,
Africa Western and Central,AFW,"Inflation, consumer prices (annual %)",FP.CPI.TOTL.ZG,4.36152914007253,3.18869330220589,1.76090410099629,0.694336305945748,5.63163351357613,4.41589984169562,3.60736767984596,8.44972153523289,3.2824403758932,1.78484420477115,4.01869907534491,4.57837463515945,2.43920076104128,1.7580519603779,2.13026806151513,1.49456366409864,1.76463495159564,1.78404994832042,1.75856517595659,2.42500656821829
Angola,AGO,"Inflation, consumer prices (annual %)",FP.CPI.TOTL.ZG,152.561022469299,108.897436089429,98.2241436573305,43.5421067519686,22.953513851394,13.3052101780031,12.2514974459487,12.4758291326398,13.7302839288409,14.4696564932576,13.4824679218512,10.2779049218839,8.77781429332618,7.28038730361125,9.15037207517202,30.6953129934938,29.8435866918797,19.6286077209765,17.0812152138993,
Albania,ALB,"Inflation, consumer prices (annual %)",FP.CPI.TOTL.ZG,3.10758827031435,7.77052583431551,0.484002611818484,2.28001916938099,2.36658195679796,2.37072831904283,2.93268248162319,3.32087090389268,2.2669220945083,3.62604695579817,3.42912324722164,2.03159268395298,1.93762080205227,1.62586504402607,3.50120835492656,-0.367317209784628,2.0605984592022,2.02805963071136,1.41109078954248,1.62088661717004
Andorra,AND,"Inflation, consumer prices (annual %)",FP.CPI.TOTL.ZG,,,,,,,,,,,,,,,,,,,,
Arab World,ARB,"Inflation, consumer prices (annual %)",FP.CPI.TOTL.ZG,1.77220437351018,1.83299389002049,2.7125924747435,3.63228004956626,3.4936853461953,3.54498591605032,4.74390639021646,11.2706652380848,2.92089711805365,3.91106195534027,4.75316388885632,4.61184432206646,3.23810833914068,2.7735161312612,1.81407723937759,2.06884036053476,1.96682557818839,2.45814158007533,1.09184802655847,1.77740783806174
United Arab Emirates,ARE,"Inflation, consumer prices (annual %)",FP.CPI.TOTL.ZG,,,,,,,,12.250420244814,1.56181317449067,0.877983288285896,0.877346595685083,0.662268900269082,1.10111836375706,2.34626865671643,4.06996608361598,1.61748808904192,1.96682557818839,3.06863379251994,-1.93108114782171,-2.0794031794094
Argentina,ARG,"Inflation, consumer prices (annual %)",FP.CPI.TOTL.ZG,,,,,,,,,,,,,,,,,,,,
Armenia,ARM,"Inflation, consumer prices (annual %)",FP.CPI.TOTL.ZG,3.14590464685019,1.06004929341667,4.72155336605342,6.96126135875792,0.638928002410126,2.89235662459002,4.40736089644519,8.94995335353386,3.40676682683799,8.17636138473956,7.6500080785929,2.55802007757907,5.78966778544654,2.98130868933673,3.73169119261695,-1.40360755900906,0.969553268816231,2.52023382001631,1.44344660770702,1.21143577838465
American Samoa,ASM,"Inflation, consumer prices (annual %)",FP.CPI.TOTL.ZG,,,,,,,,,,,,,,,,,,,,
Antigua and Barbuda,ATG,"Inflation, consumer prices (annual %)",FP.CPI.TOTL.ZG,1.40279663573984,2.40765801293492,1.99353055152456,2.03007757853236,2.09875196709306,1.78778537419119,1.4160525940974,5.33380639820237,-0.550159995508912,3.3700254022015,3.45674967234602,3.37688044338876,1.05949782356168,1.0894415743536,0.968993458825599,-0.489437796230513,2.43248789041366,1.20715793367003,1.43135598182989,
Australia,AUS,"Inflation, consumer prices (annual %)",FP.CPI.TOTL.ZG,4.4071353620147,2.98157453936349,2.73259596616783,2.34325522482587,2.69183168316831,3.55528773727028,2.32761128891476,4.35029854990047,1.77111716621252,2.91834002677376,3.30385015608744,1.76278015613193,2.44988864142539,2.48792270531403,1.50836672165921,1.27699094497328,1.94864740944522,1.91140094445692,1.61076787290379,0.846905537459293
Austria,AUT,"Inflation, consumer prices (annual %)",FP.CPI.TOTL.ZG,2.65000077279529,1.81035787764132,1.35555370896445,2.06120618032866,2.29913785639285,1.44154851119019,2.16855528800755,3.21595033239883,0.506308827696486,1.81353438995065,3.28657914875376,2.48567562177017,2.00015616900603,1.60581182954471,0.896563335260302,0.891591752655335,2.08126911385587,1.99837981429546,1.53089564152645,1.38191063351859
Azerbaijan,AZE,"Inflation, consumer prices (annual %)",FP.CPI.TOTL.ZG,1.54719590152278,2.77116471998268,2.23386492967051,6.70893042797785,9.67950731917054,8.32892482863207,16.6997549618245,20.8490871772713,1.45704835970323,5.72687224669606,7.85833333333332,1.06621339720313,2.41571745279411,1.3734418153318,4.02768573742728,12.4433748584372,12.9359184187334,2.26854690374005,2.61057182799216,2.75980947008126
Burundi,BDI,"Inflation, consumer prices (annual %)",FP.CPI.TOTL.ZG,9.29618771341885,-1.36568005328061,10.6474645658306,8.17642937482059,13.2520699188223,2.74542000214246,8.41206285772541,24.4069510353914,10.5554355299529,6.49326591473996,9.59216605979671,18.1610453065451,7.93795807492412,4.4053523418529,5.54468891259786,5.55768961400965,16.0525353030392,-2.8146980766847,-0.686772170797229,7.32110643415513
Belgium,BEL,"Inflation, consumer prices (annual %)",FP.CPI.TOTL.ZG,2.46925823086078,1.64521436175359,1.58896399970379,2.09728311239314,2.78143263670025,1.79120770070454,1.8230563002681,4.48944420508401,-0.053145674125376,2.18929920422458,3.53208210722744,2.83966343445897,1.11309594027537,0.340002833356965,0.561429152790106,1.97385264653172,2.12597086002609,2.05316499865181,1.43681956996435,0.740791812220385
Benin,BEN,"Inflation, consumer prices (annual %)",FP.CPI.TOTL.ZG,3.98429547767895,2.4891623549154,1.48724246145442,0.873890830868505,5.36452085832342,3.78217696540374,1.29806813334154,7.94729876067859,0.896072355749072,2.20783532536522,2.70423907747279,6.74468253340715,0.428888888888863,-0.548757550948147,0.218785923536177,-0.794050173906725,1.76941247391975,0.644803622440778,-0.70502663454275,3.02272119663756
Burkina Faso,BFA,"Inflation, consumer prices (annual %)",FP.CPI.TOTL.ZG,5.00743290822374,2.17569480664608,2.03456574053815,-0.400228702115475,6.41504018369687,2.33310856372217,-0.230627306273007,10.6597978997424,2.60817666368317,-0.764230734676734,2.7597672485453,3.81815240252386,0.533738507090537,-0.258089517535353,0.724838981070599,0.441041448058759,1.48299897161327,1.95594302672532,-3.23338933983321,1.88443993781985
Bangladesh,BGD,"Inflation, consumer prices (annual %)",FP.CPI.TOTL.ZG,2.00717374213842,3.33256493271908,5.66870773441478,7.58753638504692,7.04661816222037,6.76526117054756,9.10698496905385,8.90194489465155,5.42347236174678,8.12667639169919,11.3951651552399,6.21750422069283,7.53040640913171,6.99163889220854,6.19428022984988,5.5135257269299,5.70207015717245,5.5436213948647,5.59199639930633,5.6910747474621
Bulgaria,BGR,"Inflation, consumer prices (annual %)",FP.CPI.TOTL.ZG,7.36093927231849,5.81014365721823,2.34864169582755,6.1471307424627,5.03883807111907,7.26159462769947,8.40253419005894,12.3487195994021,2.75320223914816,2.43899060504117,4.21990346601875,2.95456829831017,0.890093540913032,-1.41818380264842,-0.104633261008417,-0.798649886453611,2.06159619443137,2.81454473824833,3.10372944796774,1.67244096855762
Bahrain,BHR,"Inflation, consumer prices (annual %)",FP.CPI.TOTL.ZG,-1.2075718015666,-0.495540138751172,1.59362549800788,2.35294117647061,2.58620689655173,2.00746965452849,3.25666666666702,3.52600316363722,2.79551283550411,1.96188468334624,-0.400040697488052,2.75739669962976,3.30001156888438,2.64755321246194,1.8486274237498,2.78679347602047,1.38671830576397,2.08766938046983,1.00582004702132,-2.31770629331374
"Bahamas, The",BHS,"Inflation, consumer prices (annual %)",FP.CPI.TOTL.ZG,2.04498977505121,2.17357792508091,3.02504526252236,0.981914036757665,1.59160618079803,2.38982627439253,2.49257794939399,4.48955995375059,2.0627347345268,1.34402738392836,3.19878141660321,1.97336755976255,1.03467035109885,-7.2245427291407,11.1111111111111,-0.330038395555927,1.49992623313609,2.26751510061695,2.49123527368055,0.038521098005373
Bosnia and Herzegovina,BIH,"Inflation, consumer prices (annual %)",FP.CPI.TOTL.ZG,,,,,,6.12556615620285,1.50077710611539,7.42704310332954,-0.38146428245309,1.99621236745889,3.67124999999999,2.0526745200172,-0.093045683831828,-0.897194054194286,-1.03602303425476,-1.58409999999997,0.810133321953047,1.41710814018026,0.562782154061303,-1.05129600763481
Belarus,BLR,"Inflation, consumer prices (annual %)",FP.CPI.TOTL.ZG,61.1349331618477,42.5375481348794,28.3978399133474,18.1082424937646,10.3388794457932,6.99712903535592,8.42675273505306,14.8378764828254,12.9456563410401,7.7357480431251,53.2286983118173,59.2197360232519,18.3122610377873,18.1195543526734,13.5344897649734,11.8365807653497,6.03183725177782,4.87230220550692,5.59815595039852,5.54814357456511
Belize,BLZ,"Inflation, consumer prices (annual %)",FP.CPI.TOTL.ZG,,,,,,,,,,,,,,,,,,,,
Bermuda,BMU,"Inflation, consumer prices (annual %)",FP.CPI.TOTL.ZG,,,,,,,,,,,,,,,,,,,,
Bolivia,BOL,"Inflation, consumer prices (annual %)",FP.CPI.TOTL.ZG,1.58965377879568,0.928258851611061,3.33727499671533,4.43738080101724,5.39323106890664,4.28239604802565,8.70560923578869,14.0068107702519,3.34645420142012,2.5032760584424,9.88446419823887,4.51560291399368,5.73640023719613,5.7666007457914,4.05961041135646,3.62321431764138,2.8227580554717,2.27205987230148,1.83954504969032,0.940742153381823
Brazil,BRA,"Inflation, consumer prices (annual %)",FP.CPI.TOTL.ZG,6.84035902487525,8.4501643770833,14.7149197228147,6.59718509985962,6.86953720898965,4.18356812896902,3.64127299102654,5.67859390284171,4.88803479876804,5.03872690108066,6.63644962213085,5.40349914037009,6.204310666401,6.32904015516142,9.02990102416129,8.73914352329393,3.44637335032672,3.66485028376724,3.73297621216894,3.21176803803379
Barbados,BRB,"Inflation, consumer prices (annual %)",FP.CPI.TOTL.ZG,2.57783490431289,0.125249458055994,1.61943319838056,1.39442231075689,6.08218729535043,7.30766262828941,4.03422982885069,8.1081081081078,3.64386189258338,5.82421853311865,9.43220240177216,4.53334753888771,1.81410436049101,1.76950322089726,-1.11278992510961,1.28192813061894,4.66018463955997,3.67381410406798,4.10028964518463,
Brunei Darussalam,BRN,"Inflation, consumer prices (annual %)",FP.CPI.TOTL.ZG,0.595890410958983,-2.3149724245932,0.299999999999977,0.814223994682602,1.24443711883964,0.159888078345143,0.967774119525083,2.08498023715416,1.03571774271615,0.356869132017602,0.137911563169595,0.111766261400274,0.389205053123613,-0.207108731719878,-0.488347420743486,-0.278693265753062,-1.26050564628963,1.02505179290213,-0.390522069165492,1.94031996607178
Bhutan,BTN,"Inflation, consumer prices (annual %)",FP.CPI.TOTL.ZG,3.4104046242774,2.48343048790224,1.56615240766715,-18.1086301300715,5.31151306345109,5.00045438022542,5.15611138758462,8.32716049382714,4.36112219119803,7.03638316073019,8.84898569946802,10.919656944683,7.00666666666705,8.27106093949327,4.54814395082202,3.21988689395718,4.9550836698513,2.72396386183716,2.72582104307304,5.62999177986902
Botswana,BWA,"Inflation, consumer prices (annual %)",FP.CPI.TOTL.ZG,6.55903767014864,8.03279662527486,9.18990265632739,6.94570363654673,8.61022528546438,11.5552187914379,7.08099847172694,12.7021883920075,8.02729703109583,6.94887658743105,8.45987233408587,7.53690261091916,5.8846070705681,4.40225309243433,3.06203169580559,2.81495791361944,3.30828076768219,3.2380155894771,2.7728644286333,1.89035916824198
Central African Republic,CAF,"Inflation, consumer prices (annual %)",FP.CPI.TOTL.ZG,3.8348606023736,2.33181703516234,4.13470905150997,-2.06640601136302,2.8835207335902,6.69526465773353,0.959917619457091,9.25895099417072,3.52126227238643,1.49102370047808,1.19447572449849,5.47829594346116,6.98879341970201,14.8986841797549,1.40297017136814,4.94543276106514,4.18072331871274,1.61215686991553,2.68537355266785,2.30368378868849
Canada,CAN,"Inflation, consumer prices (annual %)",FP.CPI.TOTL.ZG,2.52512013979907,2.25839440940856,2.75856321360112,1.85725871857261,2.21355203439764,2.00202539534156,2.13838399266843,2.37027067444294,0.299466803009284,1.77687154092629,2.91213508872355,1.51567823124521,0.93829189781521,1.90663590717873,1.12524136094279,1.4287595470108,1.5968841285297,2.268225672481,1.94926902411596,0.716999632307852
Central Europe and the Baltics,CEB,"Inflation, consumer prices (annual %)",FP.CPI.TOTL.ZG,5.74827981651377,3.12714222984604,2.34864169582755,3.59297594249513,3.31717824448043,3.93032603841,4.83732928313989,6.35866380152374,2.75320223914816,1.80117022137136,4.13027562645087,3.33492267693443,1.43829787234043,0.053821313240047,-0.464499004645002,-0.054999541670491,2.07593553673862,2.53445424186602,2.66456133425443,1.67244096855762
Switzerland,CHE,"Inflation, consumer prices (annual %)",FP.CPI.TOTL.ZG,0.989020329832555,0.64271150654328,0.638272930887213,0.802908730955216,1.17195420333701,1.05950928324804,0.732350603122241,2.42604117060162,-0.480481936423328,0.688238707220017,0.231349207650894,-0.692552018105236,-0.217323155115639,-0.013202538751599,-1.14390867228178,-0.434618664285843,0.533787839825886,0.936335464113605,0.362886179940635,-0.725874933313391
Channel Islands,CHI,"Inflation, consumer prices (annual %)",FP.CPI.TOTL.ZG,,,,,,,,,,,,,,,,,,,,
Chile,CHL,"Inflation, consumer prices (annual %)",FP.CPI.TOTL.ZG,3.56910053001465,2.48939816650703,2.81017875743615,1.05473871403516,3.05257621387848,3.39201733699404,4.40779938398046,8.7162687303961,0.353045178360941,1.41071107954318,3.34121694259299,3.00744840213049,1.78955553984587,4.71867527854671,4.3487735321705,3.78619355893115,2.18271846868523,2.43488981353058,2.55754475703323,3.04549084804331
China,CHN,"Inflation, consumer prices (annual %)",FP.CPI.TOTL.ZG,0.719125609120107,-0.731970902350276,1.12760348729636,3.82463743108159,1.77641407667574,1.64943099455862,4.81676767378831,5.92525137041095,-0.728165250932952,3.17532475269199,5.55389892257492,2.61952432645544,2.62105001748115,1.92164162788521,1.43702380935655,2.00000182191941,1.59313600071434,2.07479039965578,2.89923416358227,2.4194218945778
Cote d'Ivoire,CIV,"Inflation, consumer prices (annual %)",FP.CPI.TOTL.ZG,4.36152914007253,3.0772648515743,3.29680746974211,1.4579883560074,3.8858303988648,2.46719148596913,1.89200629349599,6.3085276915258,1.01950457731134,1.2264561213548,4.91243395052462,1.30451119915595,2.5811703725294,0.44868207676614,1.25149954781474,0.723178457513252,0.685881065304644,0.359409031380664,-1.10686343994202,2.42500656821829
Cameroon,CMR,"Inflation, consumer prices (annual %)",FP.CPI.TOTL.ZG,4.41977245881143,2.83442260128067,0.62316355737432,0.233647380067603,2.01353950175986,5.11757816019468,0.921402245650111,5.337806276275,3.04361847939997,1.27538046242341,2.93969946305094,2.74253407543984,2.05908683974933,1.8341307814992,2.68598277212217,0.861740257759474,0.64267352185089,1.0742994515814,2.45280214062733,2.43760882182242
"Congo, Dem. Rep.",COD,"Inflation, consumer prices (annual %)",FP.CPI.TOTL.ZG,359.936614264586,31.5225826025495,12.8739657187405,3.9943840081597,21.3168167229341,13.0526949745101,16.945100654195,17.3013845700157,2.79999999999981,7.10000000000038,15.316515913949,9.72182806273363,0.80822310148707,1.24303889760763,0.744198994781499,2.88585107290009,,,,
"Congo, Rep.",COG,"Inflation, consumer prices (annual %)",FP.CPI.TOTL.ZG,0.055989921814088,4.37875971780872,-0.631844987363151,2.42976607961798,3.09449011456182,6.53784395299605,2.65464645060699,4.95875092023155,4.4150037479522,0.39152501122766,1.75958704273802,5.01018773134464,4.63161619729463,0.912139545450186,3.16909796750824,3.19056179723775,0.450063823285575,1.15277896375521,2.20607305781522,1.81765496949938
Colombia,COL,"Inflation, consumer prices (annual %)",FP.CPI.TOTL.ZG,7.96970293133976,6.35192507425155,7.1307416862268,5.90126181451809,5.05142028722872,4.29245011787705,5.54514128187459,6.99855040288351,4.2010447688327,2.27118326422564,3.41758959146978,3.16732560328694,2.01809847891195,2.89781874427855,4.99023427513779,7.51429322788323,4.3121410323773,3.24023413752975,3.52549273618952,2.52462053498877
Comoros,COM,"Inflation, consumer prices (annual %)",FP.CPI.TOTL.ZG,5.55459394816816,3.53304214308075,3.79908136671901,4.47499289078105,3.01332395058121,3.37436360121208,4.46616710098129,1.70078176284532,4.3623482932572,3.35475770328918,1.84266300756184,6.31474450315182,-4.29487331536753,,,,,,,
Cabo Verde,CPV,"Inflation, consumer prices (annual %)",FP.CPI.TOTL.ZG,3.34996472317896,1.88453410076764,1.18817038620528,-1.89082172306181,0.418891612855161,5.36907687065552,4.41099704193491,6.77443546371137,0.991103480568126,2.07866470906422,4.47388342165027,2.54039644167111,1.50654285701402,-0.238778144990616,0.131187999024475,-1.40781637091703,0.784415251101353,1.25615185860788,1.10750930553813,0.605795758089712
Costa Rica,CRI,"Inflation, consumer prices (annual %)",FP.CPI.TOTL.ZG,11.2556157091172,9.16752048509115,9.4475809161698,12.3148150178852,13.7982949108987,11.4705968149052,9.35724456417162,13.4244635507283,7.84270167700652,5.66275708420023,4.87799830970698,4.49545314354611,5.23133614174423,4.51920098516958,0.801982005099592,-0.017478850590811,1.62590692991729,2.22111461526584,2.09604635327805,0.724911478131358
Caribbean small states,CSS,"Inflation, consumer prices (annual %)",FP.CPI.TOTL.ZG,2.60262402317311,2.10733447564148,2.19518237141616,2.35433222144195,3.81585143613248,5.46455556193998,4.25755795749896,8.0676476730981,1.23973810805278,3.40326723081753,4.21724265470787,2.98766229242981,1.28950196459004,0.971036035946762,-0.679637508036842,0.4889121436193,1.89252027849556,1.28284288443518,1.43135598182989,
Cuba,CUB,"Inflation, consumer prices (annual %)",FP.CPI.TOTL.ZG,,,,,,,,,,,,,,,,,,,,
Curacao,CUW,"Inflation, consumer prices (annual %)",FP.CPI.TOTL.ZG,1.79282868525896,0.391389432485314,1.63371391441571,1.37912138094802,4.1171171171171,3.11499524097951,2.99572039942938,6.87632393677692,1.75331605427657,2.77944261312558,2.33253152562139,3.18398746349455,1.33232086152148,1.49873969616456,-0.476542049801981,-0.047207984893461,1.58558801700291,2.58368756641871,2.62220783425056,
Cayman Islands,CYM,"Inflation, consumer prices (annual %)",FP.CPI.TOTL.ZG,,,,,,,,,,0.276140861750087,1.32543575779667,1.18894845245606,2.16061146813395,1.27397911533384,-2.34752770165614,-0.625258358618114,,,,
Cyprus,CYP,"Inflation, consumer prices (annual %)",FP.CPI.TOTL.ZG,1.97304191729919,2.80115505180746,4.13906538686856,2.28621706801675,2.56016132330235,2.30468732978557,2.37265183669722,4.66900841902484,0.326276652249795,2.43004084102253,3.28944939564212,2.38905410042319,-0.399357676464408,-1.35498885446312,-2.09699769053118,-1.42916666666668,0.5317664961745,1.43549119531762,0.250370996758456,-0.638422797978907
Czech Republic,CZE,"Inflation, consumer prices (annual %)",FP.CPI.TOTL.ZG,4.66267556988255,1.90298097019031,0.118739205526785,2.76010781671159,1.85709789109223,2.53399258343632,2.85312437211172,6.35866380152374,1.0193773532923,1.47272727272729,1.91721913635547,3.28762306610408,1.43829787234043,0.343988589646784,0.309364548494974,0.683504209385683,2.45053398460138,2.14949494949492,2.84787595918047,3.16129528497808
Germany,DEU,"Inflation, consumer prices (annual %)",FP.CPI.TOTL.ZG,1.98385693617829,1.42080560518857,1.03422776551069,1.66573340932676,1.54690965159041,1.57742825864226,2.29834179696226,2.62838174873985,0.31273762987172,1.10380916115812,2.07517452479837,2.0084909216701,1.5047209800535,0.906797948515676,0.51442053951781,0.49174862477081,1.50949655801608,1.73216766075662,1.4456670146976,0.506689889953274
Djibouti,DJI,"Inflation, consumer prices (annual %)",FP.CPI.TOTL.ZG,1.74665224985432,0.637619553666345,1.98196734627542,3.12226204699354,3.104966401483,3.48340699677866,4.965976545533,11.9586206896552,1.67549587285962,3.95007875923886,5.06871394777984,3.73120950756887,2.70603242872186,1.34186494340156,-0.847389733971994,2.73841208738761,0.568112117084679,0.147970849877116,3.31925372703833,1.77740783806174
Dominica,DMA,"Inflation, consumer prices (annual %)",FP.CPI.TOTL.ZG,1.30389403465961,0.170055330197674,1.45336800437255,2.39410982050296,1.68190079877556,2.2023913263167,3.63222129317817,6.35992183336294,0.006263571070677,2.99936630549001,1.13123136526474,1.35677147808864,-0.046411646880645,0.799250372687513,-0.843826984638296,0.141816225732303,0.296252889279557,0.989191119189815,1.50462353858147,
Denmark,DNK,"Inflation, consumer prices (annual %)",FP.CPI.TOTL.ZG,2.33787000255261,2.42443661219694,2.07507820646504,1.15435693124937,1.81781458291257,1.92422138464588,1.69326586220319,3.41626794258375,1.30470991024336,2.31092436974789,2.75868226051246,2.39791485664639,0.789071780078061,0.564020540449518,0.452034153691623,0.249999999999997,1.14713216957606,0.813609467455633,0.758131572511619,0.420711974110026
Dominican Republic,DOM,"Inflation, consumer prices (annual %)",FP.CPI.TOTL.ZG,8.88306848812965,5.22336769759445,27.4497127394394,51.4608598338066,4.19020260472054,7.57280523853076,6.14356655248045,10.6446210953712,1.44215131834352,6.32993220146144,5.79676809206526,3.69449707884785,4.830950967408,2.99864226125217,0.836746346724583,1.61416607245221,3.27955694678546,3.56443426013507,1.8106037704296,3.78103179915516
Algeria,DZA,"Inflation, consumer prices (annual %)",FP.CPI.TOTL.ZG,4.22598834854679,1.41830192345045,4.268953958395,3.96180030257191,1.38244656662119,2.31149918514421,3.67899574741703,4.85859062814938,5.73706036145632,3.91106195534027,4.52421150505276,8.89145091062314,3.25423910998847,2.91692692067457,4.78444700693894,6.39769480268749,5.59111590961673,4.26999020467078,1.95176821052894,2.41513094083414
East Asia & Pacific (excluding high income),EAP,"Inflation, consumer prices (annual %)",FP.CPI.TOTL.ZG,4.27267024465106,2.72277227722769,3.70369797528478,4.42677525782239,5.52861156446482,4.86632048837462,4.81676767378831,10.2266645473148,4.21903052064627,3.68901229670766,5.29573185230289,3.02696391124798,2.91354193604,3.14299050879107,1.22393195511127,1.91731090233375,2.9126355737148,2.82871578471268,2.48027858716509,2.63522884882108
Early-demographic dividend,EAR,"Inflation, consumer prices (annual %)",FP.CPI.TOTL.ZG,3.7650568485383,4.2379122191717,5.6034767543447,4.43314136719838,4.86939696871988,5.79652337561635,6.21439994982588,10.5458043040967,4.53017659132794,4.45332537462221,5.81149209022689,5.01827254237434,4.82462314269542,4.07392957476224,3.06203169580559,3.21988689395718,3.32817337461301,3.94506866416979,2.76252019386107,2.96354992076069
East Asia & Pacific,EAS,"Inflation, consumer prices (annual %)",FP.CPI.TOTL.ZG,3.57755452095076,1.88572000240366,2.28915662650606,3.23751394003323,3.03702332617015,3.93616259929866,3.76400259181597,8.34208634920955,1.6217301400345,3.05725305598398,5.02146014620726,2.97460779814473,2.58268766141797,2.51087633253703,0.795279630579775,1.27699094497328,1.80034222468628,2.31260343301557,1.70397863236256,1.81776485287044
Europe & Central Asia (excluding high income),ECA,"Inflation, consumer prices (annual %)",FP.CPI.TOTL.ZG,9.0594003145949,5.82353408913734,5.17967781908312,6.96126135875792,8.17916036802001,7.26159462769947,8.42675273505306,12.3487195994021,3.46672373207794,6.44531440780656,7.68725103356187,3.31605566687646,3.98471235548128,2.98130868933673,4.00357820695098,1.12231397417765,3.15318617485029,2.6132342483073,2.88986073718333,2.68178260302086
Europe & Central Asia,ECS,"Inflation, consumer prices (annual %)",FP.CPI.TOTL.ZG,4.26287228873703,2.78615988589507,2.34864169582755,2.82947838776596,2.60932308197751,3.19288492245173,2.91598261872856,6.05974046339706,1.53607650014279,2.42447361791627,3.76368122341409,2.77089045296264,1.73361974251136,0.592255588590948,0.338705695410171,0.336675583779179,1.87510059552548,2.01321972250341,1.76373586528838,1.19998396936025
Ecuador,ECU,"Inflation, consumer prices (annual %)",FP.CPI.TOTL.ZG,37.6780209421416,12.4840185721018,7.92941000523413,2.74218132941644,2.4077697831569,3.29874846258218,2.2761847800212,8.40009593987462,5.15996829181046,3.55437734567846,4.47453265795836,5.1017218095867,2.72177577710365,3.58922016616669,3.96664623255354,1.72826463324535,0.417335588666803,-0.224103246005465,0.266012515466136,-0.338872392562274
"Egypt, Arab Rep.",EGY,"Inflation, consumer prices (annual %)",FP.CPI.TOTL.ZG,2.26975720475954,2.73723855000332,4.50777636319307,11.270619332052,4.86939696871988,7.64452644526432,9.31896905799228,18.3168316831684,11.7634954386443,11.2651882653186,10.0649259874818,7.11172943343078,9.4697198106492,10.0702154687482,10.370490343517,13.8136062148289,29.5066083940039,14.4014657807421,9.15279959324812,5.04493288977533
Euro area,EMU,"Inflation, consumer prices (annual %)",FP.CPI.TOTL.ZG,2.78516542713555,2.46532319171164,2.09847219146922,2.22567916428892,2.48769665164086,2.66631494577072,2.45396528138739,4.07566076368221,0.368041997888919,1.52551602118248,3.28944939564212,2.48567562177017,1.21999342274305,0.241047429826773,0.037514380512536,0.183334861123848,1.3814587140721,1.70349794744475,1.4456670146976,0.290554555653313
Eritrea,ERI,"Inflation, consumer prices (annual %)",FP.CPI.TOTL.ZG,,,,,,,,,,,,,,,,,,,,
Spain,ESP,"Inflation, consumer prices (annual %)",FP.CPI.TOTL.ZG,3.58983494893723,3.06576537186607,3.03923368432095,3.03920165014928,3.36845398789423,3.51537491125932,2.78703047313632,4.07566076368221,-0.287996835001989,1.79988133046941,3.19614641224106,2.44600018540708,1.40854629241729,-0.150870313497969,-0.500461321406559,-0.202671740806371,1.95608333333334,1.67506761489627,0.699536241717015,-0.322671032810725
Estonia,EST,"Inflation, consumer prices (annual %)",FP.CPI.TOTL.ZG,5.74827981651377,3.57191270164023,1.33499116549964,3.04811107523412,4.07971423199846,4.43762042389211,6.60132603055634,10.3623580313683,-0.078408311281021,2.97204512015696,4.9819013145361,3.93339987296979,2.78056658954996,-0.106175146521716,-0.492326006547338,0.148684907627356,3.41723549488057,3.43632688420445,2.27725931243518,-0.444531097679859
Ethiopia,ETH,"Inflation, consumer prices (annual %)",FP.CPI.TOTL.ZG,-8.23784453391135,1.6537293283834,17.7622841965472,3.25627290668156,12.944879209999,12.3100000000002,17.2380019588638,44.3912812333865,8.46833578792337,8.13694113083096,32.0147888188887,23.3785823575324,7.4640219294452,6.89001951597192,9.56889955968618,6.62813337230929,10.6817295464484,13.8307621811517,15.840322039584,
European Union,EUU,"Inflation, consumer prices (annual %)",FP.CPI.TOTL.ZG,3.37396699038281,2.42443661219694,2.09199838997658,2.28621706801675,2.48769665164086,2.66631494577072,2.51066565240339,4.1649719352477,0.83926224679384,1.53112270420924,3.28944939564212,2.66284165508017,1.21999342274305,0.199343826570849,-0.061644680064118,0.183334861123848,1.42910743319297,1.73860861988181,1.63052260754338,0.497367318853562
Fragile and conflict affected situations,FCS,"Inflation, consumer prices (annual %)",FP.CPI.TOTL.ZG,4.71360268351759,3.95590093044473,4.56229279168113,3.24689342335739,6.83395108709309,6.61655430536479,4.46616710098129,11.3051098827019,3.46401454961221,3.48050763735848,5.44202470487832,5.47829594346116,3.43358526830742,1.9792947113298,1.47672048910484,1.91731090233375,1.75985742927153,2.29424307036244,2.30237251516844,
Finland,FIN,"Inflation, consumer prices (annual %)",FP.CPI.TOTL.ZG,2.57844080098894,1.57122012789382,0.877440386254743,0.187120559084453,0.623874450025199,1.56666380704384,2.51066565240339,4.06595355358378,-9.17360403259616E-07,1.1841352315465,3.41680754255211,2.80833622561575,1.47828615688804,1.04119621178439,-0.207928839905218,0.356684500891696,0.754015047084413,1.08382098409299,1.02409392963429,0.290554555653313
Fiji,FJI,"Inflation, consumer prices (annual %)",FP.CPI.TOTL.ZG,4.27267024465106,0.762032085561215,4.17274777763033,2.82748519391201,2.36576453830434,2.49083638787079,4.80370641306991,7.7322785791842,3.13103559015968,3.68901229670766,7.27811782708491,3.4233752340198,2.91354193604,0.519306474579103,1.37488542621447,3.86322538221274,3.34757834757835,4.08147637644538,1.7731018246027,-2.5952432588737
France,FRA,"Inflation, consumer prices (annual %)",FP.CPI.TOTL.ZG,1.63478079549599,1.9234122872706,2.09847219146922,2.14208964640242,1.74586936380481,1.67512449608728,1.48799805953858,2.81286194914787,0.087620478157453,1.53112270420924,2.11159795174997,1.95419531613507,0.863715497861826,0.507758822937957,0.037514380512536,0.183334861123848,1.03228275064674,1.85081508315494,1.10825492288292,0.476498852725083
Faroe Islands,FRO,"Inflation, consumer prices (annual %)",FP.CPI.TOTL.ZG,,,,,,,,,,,,,,,,,,,,
"Micronesia, Fed. Sts.",FSM,"Inflation, consumer prices (annual %)",FP.CPI.TOTL.ZG,0.502497351294105,-0.111442426432966,0.126643348208918,2.27669698247305,4.25769978210942,4.6373700858563,3.30634278002699,8.42372566246186,6.39360257735202,3.31370963136216,5.08259403890365,5.01850353045626,1.75232737350739,0.650284891768603,-0.298115837381107,-1.03746806405332,0.689027978925107,1.79400375972253,,
Gabon,GAB,"Inflation, consumer prices (annual %)",FP.CPI.TOTL.ZG,2.13762052701467,0.036682889397103,2.23535313551538,0.408205307439275,3.70833333333304,-1.40940136600983,5.03031883679953,5.26430145575286,1.88570754577918,1.46154402720468,1.2633170783742,2.65241828695619,0.50544105891569,4.69045751826283,-0.338795188753357,2.1067071278405,2.65192583143898,4.74906652083221,2.46456756151187,1.17681176042119
United Kingdom,GBR,"Inflation, consumer prices (annual %)",FP.CPI.TOTL.ZG,1.53234960272418,1.52040245947458,1.3765003854201,1.39039756680426,2.08913649025072,2.45566166439288,2.38656150773328,3.52140856342537,1.96173173560107,2.49265472467065,3.85611244682819,2.57323479654528,2.29166666666666,1.45112016293279,0.368046842325369,1.00841736811403,2.55775577557754,2.29283990345939,1.73810460086511,0.98948670377243
Georgia,GEO,"Inflation, consumer prices (annual %)",FP.CPI.TOTL.ZG,4.64604442058632,5.58783730000795,0.837734531536578,5.65632636191134,8.24709043114158,9.16096508394495,9.24489745592402,9.99948761552747,1.72751461137912,7.11017897486098,8.54293333333334,-0.943658853270966,-0.512058410947118,3.06881210379542,4.00357820695098,2.13492713939124,6.03531725272117,2.61524471397664,4.85289821696731,5.2024648897533
Ghana,GHA,"Inflation, consumer prices (annual %)",FP.CPI.TOTL.ZG,41.5094962878031,9.36093239560307,29.7729797160384,18.0427388232565,15.4389920155908,11.6791839392492,10.7342665456292,16.494639613412,19.2469482220858,10.7333898354914,8.7284593709303,11.1863409441066,11.6661923071728,15.4896160333319,17.1499695007878,17.4546347070868,12.3719215507048,7.80876516610709,7.14364003330856,9.88728956269943
Gibraltar,GIB,"Inflation, consumer prices (annual %)",FP.CPI.TOTL.ZG,,,,,,,,,,,,,,,,,,,,
Guinea,GIN,"Inflation, consumer prices (annual %)",FP.CPI.TOTL.ZG,,,,,31.3733025877534,34.6952705997073,18.1755656108597,23.065612938798,4.68438868976501,15.4619810737553,21.3504664236733,15.225101393202,11.8878956127303,7.07202121016676,10.8206821245734,8.17211696321603,8.91452597036354,9.82600180777342,9.47077937313535,10.6018600008336
"Gambia, The",GMB,"Inflation, consumer prices (annual %)",FP.CPI.TOTL.ZG,4.49259609239754,8.60912474386326,17.0328665431989,14.2067432845568,4.8386217754316,2.05650342365982,5.36913473801958,4.44365490945012,4.56150687670986,5.04968075857404,4.79588266183109,4.25432199813899,5.69912989637381,5.94799935696623,6.80845494579613,7.22879272057922,8.0341897454591,6.52096823946571,7.11567625631191,5.93127636562439
Guinea-Bissau,GNB,"Inflation, consumer prices (annual %)",FP.CPI.TOTL.ZG,3.34812265527109,3.30012175283749,-3.50258551103418,0.883302696930925,3.32919922802853,1.95473717628918,4.61743772241998,10.4600731354706,-1.65139733620775,2.51785140171702,5.04610226320203,2.13054580274495,1.20712555668411,-1.50924460570499,1.47672048910484,1.5031205586109,1.69111461822295,0.381324702791038,0.246600268147853,
Equatorial Guinea,GNQ,"Inflation, consumer prices (annual %)",FP.CPI.TOTL.ZG,8.82538925854965,7.59247849833242,7.32354399351807,4.21968787094834,5.63163351357613,4.41589984169562,2.80373831775701,6.55176691184536,4.6910656774738,7.78916547991181,4.80538922155687,3.6566204827882,2.94887694639657,4.30999866149112,1.67663085315985,1.41193915479014,0.745599218497516,1.34988438751676,1.23869860205109,4.76970498098298
Greece,GRC,"Inflation, consumer prices (annual %)",FP.CPI.TOTL.ZG,3.37396699038281,3.62935894557549,3.53065188498046,2.89884895882032,3.54507354036397,3.19594393017397,2.89500147489579,4.15279744732985,1.21008451783419,4.71297286203605,3.3298640617472,1.50152796054581,-0.922168807001954,-1.31121050132494,-1.7360367959808,-0.825651781826954,1.1212354772079,0.625629147213626,0.252978044454509,-1.24795187701348
Grenada,GRD,"Inflation, consumer prices (annual %)",FP.CPI.TOTL.ZG,3.14099305202546,1.06721547992871,2.15492809908679,2.31291678226117,3.47580693755399,4.25195321977968,3.8588292246965,8.03327327650343,-0.308654779585646,3.43650905943355,3.03347280334727,2.41077704021867,-0.043999786482804,-0.98360305555493,-0.515448031435387,1.65038994431577,0.908458255874211,0.804102313277037,0.59814976473601,
Greenland,GRL,"Inflation, consumer prices (annual %)",FP.CPI.TOTL.ZG,,,,,,,,,,,,,,,,,,,,
Guatemala,GTM,"Inflation, consumer prices (annual %)",FP.CPI.TOTL.ZG,7.28587366610134,8.13263054281055,5.6034767543447,7.57862247309731,9.10864985719216,6.56085282795383,6.82161753590322,11.355761126315,1.85910254733027,3.85950909833169,6.21412393067094,3.78180754679685,4.34337131279513,3.41836169662962,2.38872032839552,4.44844199942824,4.42453655182543,3.75186186704512,3.69998398008601,3.21444062197346
Guam,GUM,"Inflation, consumer prices (annual %)",FP.CPI.TOTL.ZG,,,,,,,,,,,,,,,,,,,,
Guyana,GUY,"Inflation, consumer prices (annual %)",FP.CPI.TOTL.ZG,2.62741314203333,5.34101521377409,5.98097814066471,4.66846622369883,6.92554303890158,6.67715790410027,12.2001544446648,8.10202206969277,2.95230096380997,3.73337757704245,4.97773563706971,2.39193521312329,1.90125181860585,0.852630497539925,-1.00173432776379,0.836008061506297,1.90465615515582,1.28284288443518,2.0872308916202,
High income,HIC,"Inflation, consumer prices (annual %)",FP.CPI.TOTL.ZG,2.57844080098894,1.98998338238049,2.02168542857985,2.14208964640242,2.48769665164086,2.49595851269748,2.64578529378308,4.48955995375059,1.30470991024336,1.80735230566101,3.31685710891732,2.58532432846769,1.46483265562714,1.02234314452965,0.368046842325369,0.394769306686402,1.58558801700291,1.83188332429087,1.53089564152645,0.506689889953274
"Hong Kong SAR, China",HKG,"Inflation, consumer prices (annual %)",FP.CPI.TOTL.ZG,-1.65816326530608,-2.98313878080416,-2.67379679144392,-0.274725274725266,0.826446280991805,2.00025160397535,2.03502713369511,4.30315484104919,0.579441418472606,2.29289088604677,5.30524892993918,4.05390950903839,4.33799342105262,4.42364532019706,2.99084819322578,2.40930743862222,1.49387243939527,2.40613432046539,2.8832085377399,0.250962021080809
Honduras,HND,"Inflation, consumer prices (annual %)",FP.CPI.TOTL.ZG,9.67415556865373,7.69050972034273,7.67416639397934,8.1137909709338,8.80906074819817,5.57775207654297,6.93621470895782,11.4034270813932,5.49634273772205,4.69889064976229,6.76227957314765,5.19618615531848,5.1618989858149,6.12924930313027,3.15783117980921,2.72461223295292,3.93436084442035,4.34734937777536,4.36587159819272,3.46841177951168
Heavily indebted poor countries (HIPC),HPC,"Inflation, consumer prices (annual %)",FP.CPI.TOTL.ZG,4.60374621964682,3.89570525758491,5.30238773219938,4.47499289078105,8.16954604881263,6.73993060387505,7.25410841304886,10.6597978997424,4.3623482932572,4.69889064976229,6.42939681072336,6.31474450315182,5.1618989858149,3.96986045166308,3.77406982025572,4.66466235810214,4.9759515055383,3.04891482875157,2.68537355266785,3.57511259788371
Croatia,HRV,"Inflation, consumer prices (annual %)",FP.CPI.TOTL.ZG,3.7767024666589,1.67178437393382,1.76733780760626,2.05539679050332,3.31717824448043,3.1898259147295,2.89928275583392,6.07696838798351,2.37852845904674,1.03055505333573,2.27272727272727,3.41207349081366,2.2165820642978,-0.215196159576215,-0.464499004645002,-1.12500000000001,1.12937210282344,1.50012501041753,0.771820346498083,0.154811374562028
Haiti,HTI,"Inflation, consumer prices (annual %)",FP.CPI.TOTL.ZG,13.31672224251,7.03287406224597,28.6995777887374,21.0318339277221,13.973008326384,11.3452152244299,6.55722772638073,15.2817744823772,0.393886040173338,4.82734190074673,6.33279483849046,5.01804155429241,4.76502404779137,3.43816659958603,6.73184069659,11.5029073942667,10.6800887242583,12.4814111170435,18.7037825672506,22.7963113642528
Hungary,HUN,"Inflation, consumer prices (annual %)",FP.CPI.TOTL.ZG,9.11680911680913,5.26544821583986,4.66101694915256,6.74434679569463,3.56151711378355,3.93032603841,7.95874516544909,6.0425125388106,4.21171171171172,4.85555795691951,3.92992098935075,5.65214517088651,1.73319984983107,-0.227566270988384,-0.061644680064118,0.394769306686402,2.34824281150159,2.85024792594642,3.3385863538201,3.3267438576673
IBRD only,IBD,"Inflation, consumer prices (annual %)",FP.CPI.TOTL.ZG,5.61927904902573,5.03072733151299,4.52733824219012,4.76979071866842,4.90328350926886,5.64087772156344,6.16068931109833,10.0273848219992,3.73014786563165,4.33298207227275,5.78925328815882,4.49545314354611,4.00593613559589,3.58922016616669,3.50120835492656,2.35102197485846,3.32603392518699,3.20720012353492,2.60429401555145,2.58080077182828
IDA & IBRD total,IBT,"Inflation, consumer prices (annual %)",FP.CPI.TOTL.ZG,5.14746800222619,3.89570525758491,4.63422674362029,4.46346840736575,6.3978829389788,6.12556615620285,6.17781206971621,10.2969758221254,4.25804812509992,4.0635389730329,5.79676809206526,5.00852546250873,4.34115489804308,3.52642337171172,3.15783117980921,2.81495791361944,3.33787586109568,3.04891482875157,2.67599202639892,2.99313555869912
IDA total,IDA,"Inflation, consumer prices (annual %)",FP.CPI.TOTL.ZG,4.36152914007253,3.43280353789991,5.22714461994757,4.21499381079083,6.83633265892876,6.24103328142821,6.55722772638073,10.6597978997424,4.3886760206047,3.9765528847817,6.30177393422368,5.47829594346116,4.81507152137757,3.51847818195019,2.63494402099628,3.10485077431452,3.48733722727222,2.96760366004454,2.68537355266785,3.7944227490438
IDA blend,IDB,"Inflation, consumer prices (annual %)",FP.CPI.TOTL.ZG,3.81131748391501,1.92292115907961,2.15492809908679,2.42976607961798,3.09449011456182,4.25195321977968,4.41099704193491,8.03327327650343,3.04361847939997,3.34342657561739,3.95348186923232,3.95148126606581,2.48631438789466,0.880488875871801,1.01051702019787,1.25606510103762,0.901210285962142,2.30919396202084,1.7731018246027,
Indonesia,IDN,"Inflation, consumer prices (annual %)",FP.CPI.TOTL.ZG,11.5001148791768,11.9001175663779,6.7573171936285,6.06405988526519,10.4531984193865,13.1086720985297,6.40656281325702,10.2266645473148,4.38641555014729,5.1342040076793,5.3560477898215,4.27949999641976,6.41251330156414,6.39492540819922,6.36312113115614,3.5258051568793,3.80879806953163,3.19834641562404,3.03058664969491,1.92096800566845
IDA only,IDX,"Inflation, consumer prices (annual %)",FP.CPI.TOTL.ZG,4.49259609239754,4.03718882831635,5.66870773441478,4.53421374129695,7.128675020152,6.6862112809169,6.9808645393528,11.3542684820476,4.56150687670986,4.69889064976229,6.5958381919355,5.91200602491156,4.95618043619119,4.12924306873775,3.22807410992506,3.37153003512097,4.05754208156655,3.04891482875157,2.77181325284525,3.99810793547466
Isle of Man,IMN,"Inflation, consumer prices (annual %)",FP.CPI.TOTL.ZG,,,,,,,,,,,,,,,,,,,,
India,IND,"Inflation, consumer prices (annual %)",FP.CPI.TOTL.ZG,3.77929312235641,4.2971520392956,3.80585899528851,3.76725173477513,4.24634362031925,5.79652337561635,6.37288135593231,8.34926704907581,10.8823529411764,11.9893899204244,8.85836096636667,9.3124456048738,11.0636747834422,6.64950015146925,4.90697344127253,4.94821634062141,3.32817337461301,3.94506866416979,3.72327648330532,6.62343677628531
Not classified,INX,"Inflation, consumer prices (annual %)",FP.CPI.TOTL.ZG,,,,,,,,,,,,,,,,,,,,
Ireland,IRL,"Inflation, consumer prices (annual %)",FP.CPI.TOTL.ZG,4.87290487290487,4.614733276884,3.49048968029138,2.19962850718543,2.42969198392961,3.93163989540532,4.89711564381346,4.06030495117353,-4.47810339150477,-0.922095829024469,2.5571888318692,1.69620897294545,0.508714869485436,0.182542316627949,-0.289879079012739,0.008306337735699,0.340531561461793,0.488370168032449,0.939044481054341,-0.334584625428444
"Iran, Islamic Rep.",IRN,"Inflation, consumer prices (annual %)",FP.CPI.TOTL.ZG,11.2742471332117,14.3359337378404,16.4680116244792,14.7615086970672,13.433118008508,10.0158982511924,17.3410404624277,25.4105090311987,13.5515548281506,10.089362928798,26.2933856738609,27.2568127242908,36.6030355191028,16.6065532357449,12.4846815611533,7.24542548952983,8.04492437660281,18.0141183371874,39.9073455697783,
Iraq,IRQ,"Inflation, consumer prices (annual %)",FP.CPI.TOTL.ZG,16.3740814963262,19.316694601979,33.6162105992383,26.9619068193272,36.9594809201871,53.230962911428,-10.0674925768978,12.6628528269228,6.8736154721255,2.8777472527476,5.80145537085299,6.08909641595044,1.87949800749469,2.23597407904678,1.3933302878031,0.556521397155519,0.18405889884764,0.36744148893681,-0.198965380023871,0.574162679425838
Iceland,ISL,"Inflation, consumer prices (annual %)",FP.CPI.TOTL.ZG,6.40508550386865,5.1970223021663,2.0556632975374,3.15819324298464,3.98704782806592,6.68707906136661,5.05155736492145,12.6943942775878,12.0031298461743,5.39673113167484,4.00102664343116,5.18589988750705,3.8722792374824,2.04461481539337,1.63305558181333,1.6969276199774,1.76041559180606,2.68291768267388,3.01397179156056,2.84792401518658
Israel,ISR,"Inflation, consumer prices (annual %)",FP.CPI.TOTL.ZG,1.15350488021294,5.75657894736842,0.725764644893717,-0.411734431291799,1.31266149870799,2.06080391756786,0.459816073570569,4.55721393034826,3.34031214312906,2.71664057463854,3.47857270934193,1.68948189221972,1.57621197921105,0.486495554437183,-0.634390651085145,-0.546034946236581,0.244953121040659,0.817323896191417,0.844128708733833,-0.588430300016595
Italy,ITA,"Inflation, consumer prices (annual %)",FP.CPI.TOTL.ZG,2.78516542713555,2.46532319171164,2.67255552772852,2.20673661423654,1.98529298527983,2.09084391012755,1.829741122024,3.34783258401023,0.774768131387384,1.52551602118248,2.78063272879324,3.04136333226773,1.21999342274305,0.241047429826773,0.038790399657955,-0.094016656915727,1.22653316645808,1.13748763600395,0.611246943765291,-0.13770757391657
Jamaica,JAM,"Inflation, consumer prices (annual %)",FP.CPI.TOTL.ZG,6.8019093078759,7.07635009310988,10.0869565217391,13.5545023696682,15.0528658875904,8.56106408706169,9.24482067275563,22.0228384991843,9.59224598930482,12.6105519975602,7.55585646580907,6.87397708674304,9.3415007656968,8.27407886231415,3.69154228855723,2.35102197485846,4.3783986499156,3.7366388215216,3.90510000865876,5.22677779293517
Jordan,JOR,"Inflation, consumer prices (annual %)",FP.CPI.TOTL.ZG,1.77220437351018,1.83299389002049,1.63,3.361868214766,3.4936853461953,6.25172466656442,4.74390639021646,13.9712310012729,-0.739069743144773,4.84551875852119,4.16244162927781,4.51522956670998,4.82462314269542,2.89947905006047,-0.876851359704022,-0.778430463054117,3.32389447576096,4.46231108475485,0.761514047265513,0.33329435062843
Japan,JPN,"Inflation, consumer prices (annual %)",FP.CPI.TOTL.ZG,-0.693790149892923,-0.897015697774723,-0.261096605744123,-0.008726003490396,-0.287983244611217,0.253807106598974,0.043649061545176,1.37870855148342,-1.33413668445516,-0.741516182500198,-0.272455616101254,-0.044064510443303,0.335037912184809,2.75922671353253,0.795279630579775,-0.127258844489691,0.484199796126387,0.989094598021806,0.468776159383912,-0.024995834027659
Kazakhstan,KAZ,"Inflation, consumer prices (annual %)",FP.CPI.TOTL.ZG,8.35413777161342,5.83692452105645,6.43821810118939,6.88205438981899,7.57999929125766,8.72169386091735,10.8468362075558,17.139899777207,7.31607858288583,7.40046356742116,8.42488761919795,5.09791484975817,5.84640917320459,6.70657829092725,6.6657761154154,14.5460237946149,7.44000437325754,6.01913096570673,5.24547679608388,6.74900183815967
Kenya,KEN,"Inflation, consumer prices (annual %)",FP.CPI.TOTL.ZG,5.73859814341468,1.96130821739159,9.81569062979655,11.6240355442427,10.3127783574682,14.4537342081708,9.75888023027526,26.2398166445063,9.23412592394648,3.9613888911539,14.0224939638475,9.37776748155123,5.71749357037732,6.87815499275946,6.58217440250398,6.29715752456274,8.0057227913467,4.68981976129857,5.23585999425422,5.40481467184518
Kyrgyz Republic,KGZ,"Inflation, consumer prices (annual %)",FP.CPI.TOTL.ZG,6.91967989423041,2.13420986310243,2.97461295184354,4.11065084723383,4.3386739184431,5.5521233316254,10.2301032660485,24.5201024234101,6.83656248105363,7.96772225579691,16.6363262731496,2.76844236540948,6.61375202358086,7.53424729775882,6.50331838993381,0.388838296895887,3.1753098637994,1.54266145238431,1.13362257718798,6.32542296338083
Cambodia,KHM,"Inflation, consumer prices (annual %)",FP.CPI.TOTL.ZG,-0.60064830012368,0.211466568022586,0.941746117799226,4.31933677434783,6.61525912001587,5.81068550464307,8.70882770568048,24.0968519306051,-1.24171754189638,3.99639528107212,5.4784474961745,2.93431609293959,2.9416250954735,3.85568861424195,1.22393195511127,3.01913975139129,2.9126355737148,2.45908515380133,1.94257500833109,2.94029514263973
Kiribati,KIR,"Inflation, consumer prices (annual %)",FP.CPI.TOTL.ZG,,,,,,,3.5925213126642,13.6653995252441,9.81643884508668,-3.89955040651655,1.49740979875968,-3.04586292775568,-1.48805908468102,2.10398520925043,0.572015743634274,1.91731090233375,0.355520888546853,0.564030491493466,-1.88110022362739,
St. Kitts and Nevis,KNA,"Inflation, consumer prices (annual %)",FP.CPI.TOTL.ZG,2.30344748349257,2.04109102620205,2.23543664374554,2.31455462238093,3.37781903988237,8.48748575845878,4.48088608614723,5.30029675072586,2.05793709041834,0.850878649795933,5.83516519570853,0.816089281562403,1.1069855400014,0.247865392364824,-2.30187563045606,-0.687037123294059,0.694916711613505,-1.03712214131567,-0.329562063663904,
"Korea, Rep.",KOR,"Inflation, consumer prices (annual %)",FP.CPI.TOTL.ZG,4.06641964799839,2.76251135208606,3.51487924186862,3.59059139085802,2.75409020054754,2.24184710439148,2.53484687118478,4.6737959569162,2.75668647737581,2.93918135927598,4.02584624959385,2.18722120847932,1.30137705753611,1.27471470205519,0.706208169859214,0.971674763956376,1.94445590723395,1.47586240396369,0.38294613224406,0.537258392675479
Kuwait,KWT,"Inflation, consumer prices (annual %)",FP.CPI.TOTL.ZG,1.30000000000001,0.888450148074899,0.961350293542095,1.24856443679893,4.14297583631021,3.05701339166724,5.48494983277594,10.5827097865145,4.60959548447786,4.49640287769787,4.8394034987095,3.25514600287219,2.68229684085038,2.90892672858618,3.27170166092134,3.19839776658371,2.17183298510008,0.543133148199589,1.09184802655847,2.1017295482741
Latin America & Caribbean (excluding high income),LAC,"Inflation, consumer prices (annual %)",FP.CPI.TOTL.ZG,6.58482368511311,5.28219145568427,5.7922274475047,4.67843753606515,5.22232567806768,4.28742308295135,6.28492294859286,9.41246250093636,2.76408913513631,3.79644333768707,5.46284592944071,4.14457284086405,3.30655360342411,3.42826414810783,2.92482169718977,2.53781710390569,3.05115750112858,2.32414485367923,2.09604635327805,3.21176803803379
Lao PDR,LAO,"Inflation, consumer prices (annual %)",FP.CPI.TOTL.ZG,7.81180794783469,10.6313446323333,15.4893529233525,10.4622667314208,7.16541759946634,6.54559439052785,4.66197269469704,7.62880887577521,0.14118767498035,5.98254521550086,7.56898856109973,4.25512677832094,6.3714271778294,4.12924306873775,1.27735427102986,1.59691227583204,0.82547860756813,2.04039266890198,3.32255881256934,5.10407262959903
Lebanon,LBN,"Inflation, consumer prices (annual %)",FP.CPI.TOTL.ZG,,,,,,,,,1.19509671165545,3.98347941855833,4.97148571692381,6.58147447683684,4.82101956297391,1.85460421340917,-3.74914524799635,-0.783359624361543,4.32135218303198,6.07698907889605,3.0053894939038,84.8643330472041
Liberia,LBR,"Inflation, consumer prices (annual %)",FP.CPI.TOTL.ZG,,14.1596470116325,10.3302881236824,7.82908704883234,10.8343588481414,7.3414460827856,11.3918966807103,17.489448642993,7.42764305914916,7.28992796890228,8.48816751849397,6.8317870341854,7.57730681741403,9.86111285574915,7.74869687621311,8.83424868336493,12.4196323907137,23.5635148953742,,
Libya,LBY,"Inflation, consumer prices (annual %)",FP.CPI.TOTL.ZG,-8.81393752145546,-9.79764705882358,-2.19115191986643,-2.197567740559,2.65020576131658,1.45926876202724,6.25098782993554,10.3607288954998,2.45990025609954,2.79989500109265,15.5184815317562,6.05980392156861,2.60581802719518,,,,,,,
St. Lucia,LCA,"Inflation, consumer prices (annual %)",FP.CPI.TOTL.ZG,5.30722081028546,-0.255536626916517,1.03425372426225,1.46036814425244,3.89827370759477,2.39562082529166,2.8231037373693,5.54954769383937,-0.156936087168628,3.25034409180123,2.76940794144096,4.17763587102516,1.47201838917869,3.51847818195019,-0.98430920351253,-3.09298958876075,0.11841772577109,1.93846244376073,0.53910008997241,
Latin America & Caribbean,LCN,"Inflation, consumer prices (annual %)",FP.CPI.TOTL.ZG,4.35934065217274,3.75017465778469,3.81110624396873,4.32326492967491,4.69094870903771,4.26717463390267,4.98532678426333,8.25410202399121,2.5919467343056,3.52283303593325,5.04243426485765,3.89849587880644,2.60625263628479,3.31418788496818,2.55468048901791,1.68932728878056,2.31224900002205,2.3795173336049,2.31419434969016,3.04549084804331
Least developed countries: UN classification,LDC,"Inflation, consumer prices (annual %)",FP.CPI.TOTL.ZG,4.60374621964682,3.89570525758491,6.09822070274041,4.504603316039,7.33066341633299,6.78459655001657,7.66602013484803,10.7156661309681,4.62294778323743,5.51611298703745,6.78819444444446,6.3779786562465,5.58065510190672,4.4053523418529,3.96394316211203,5.3037386256014,4.9550836698513,3.46147484973745,2.86909425020554,5.01523165770754
Low income,LIC,"Inflation, consumer prices (annual %)",FP.CPI.TOTL.ZG,4.24905518796215,3.30012175283749,6.48943208673345,3.9943840081597,8.4772885911632,7.3260611092021,7.9522099086403,12.0508555482885,4.84533115255276,4.72354729503737,8.05549507348956,7.17420534041188,5.69912989637381,4.4053523418529,4.89356542313262,5.79672409777823,8.27953672260826,3.91133439990733,2.82510028101748,6.62619139988976
Liechtenstein,LIE,"Inflation, consumer prices (annual %)",FP.CPI.TOTL.ZG,,,,,,,,,,,,,,,,,,,,
Sri Lanka,LKA,"Inflation, consumer prices (annual %)",FP.CPI.TOTL.ZG,14.1584557991201,9.5510316700725,6.31463787051173,7.57592582995856,11.6396860971118,10.0201836057035,15.8421114924843,22.5644955300126,3.46496322106073,6.21764889304619,6.7167684358854,7.54291373239436,6.90845034828443,3.17900228236063,3.76836783062094,3.95888846593072,7.70413767850603,2.13503773713198,3.52839358231809,6.15394508391743
Lower middle income,LMC,"Inflation, consumer prices (annual %)",FP.CPI.TOTL.ZG,4.56733440285377,3.64160840043272,5.12899499422414,4.73580143949057,5.39323106890664,5.81068550464307,6.74672121766928,11.082422657038,5.45990754973442,4.82734190074673,6.33279483849046,5.19618615531848,5.31623531326693,5.05960078204777,3.88287389878246,3.37153003512097,3.62709610696609,3.94506866416979,3.17492018836662,3.2556124972542
Low & middle income,LMY,"Inflation, consumer prices (annual %)",FP.CPI.TOTL.ZG,5.16723996083341,4.37875971780872,5.16578966338944,4.60133998249789,6.51685393258431,6.1491160645657,6.37288135593231,10.3607288954998,4.29706572955357,4.27707052915122,5.87580243678762,5.01411464281852,4.59787897363137,3.51847818195019,3.14341696227422,2.81833288054798,3.56136715080279,3.20720012353492,2.74145915935047,2.95192253170021
Lesotho,LSO,"Inflation, consumer prices (annual %)",FP.CPI.TOTL.ZG,-9.61615353858472,33.812578338126,6.62916357146764,5.02342068616284,3.4378842305744,6.07271879734295,8.0124366904341,10.7156661309681,7.30585116551534,3.46152586635755,5.03663052101557,6.05143662139978,4.86511899496377,5.37028961008588,3.21844513655931,6.59650490696543,4.44769937376299,4.75180301624742,5.18708359197993,4.97809676252292
Late-demographic dividend,LTE,"Inflation, consumer prices (annual %)",FP.CPI.TOTL.ZG,4.64604442058632,2.80115505180746,3.23464817293924,3.85730391367399,4.14297583631021,4.36503527088458,5.43875883876553,8.9559870517779,3.04166827698482,3.29777961339845,4.37073559939221,3.31605566687646,2.68229684085038,2.04461481539337,1.55790711346266,0.977675134719017,2.17727572689266,2.47446347118433,2.16176258133052,2.1017295482741
Lithuania,LTU,"Inflation, consumer prices (annual %)",FP.CPI.TOTL.ZG,1.36712030817826,0.281506610345511,-1.13430854990244,1.16410252104669,2.65848484065266,3.73912004060656,5.73717382799847,10.9258856241655,4.4530445651853,1.31921362055463,4.13027562645087,3.08998277055416,1.04747937065349,0.103758009433715,-0.884097405500613,0.905525075460439,3.72288862303693,2.69792779208397,2.33450937988024,1.19989444983569
Luxembourg,LUX,"Inflation, consumer prices (annual %)",FP.CPI.TOTL.ZG,2.66382110579103,2.07408613571644,2.04984030563515,2.22567916428892,2.48769665164086,2.66631494577072,2.31245861786128,3.40187963025566,0.368041997888919,2.27367911621542,3.4106834106834,2.66284165508017,1.73403963519166,0.628543985440705,0.4747431614378,0.290833333333306,1.73079959118897,1.52819524307373,1.74332075653843,0.819957302126994
Latvia,LVA,"Inflation, consumer prices (annual %)",FP.CPI.TOTL.ZG,2.48704003555455,1.93887573855892,2.94264752948481,6.19238547197433,6.74845027893117,6.53619908765875,10.0929775849168,15.4023191064986,3.53410672858941,-1.08463595015159,4.37073559939221,2.25778924374594,-0.029454778257898,0.620490636732377,0.174242243625214,0.140633334505292,2.93036312374664,2.53445424186602,2.81140920075622,0.219064904842049
"Macao SAR, China",MAC,"Inflation, consumer prices (annual %)",FP.CPI.TOTL.ZG,-1.98621859974801,-2.63900001311631,-1.56138436460143,0.982619406048985,4.39502358107008,5.14987472575977,5.57050791377566,8.60951935446145,1.16935136532,2.80976606568894,5.8044680014079,6.10831172643217,5.50678666273237,6.04527180562838,4.55920288123163,2.37016134753169,1.22655455973391,3.00522100647301,,
St. Martin (French part),MAF,"Inflation, consumer prices (annual %)",FP.CPI.TOTL.ZG,,,,,,,,,,,,,,,,,,,,
Morocco,MAR,"Inflation, consumer prices (annual %)",FP.CPI.TOTL.ZG,0.619801875297958,2.79561966936937,1.16773367477591,1.49344403381773,0.982641660015965,3.28476166954809,2.04208512673349,3.71484311494066,0.971862998667619,0.99355740122642,0.906924909691796,1.28712240079215,1.88065466724083,0.442310053557078,1.55790711346266,1.63531114327061,0.754663249323633,1.8039167114189,0.303386036590361,0.705968661338317
Monaco,MCO,"Inflation, consumer prices (annual %)",FP.CPI.TOTL.ZG,,,,,,,,,,,,,,,,,,,,
Moldova,MDA,"Inflation, consumer prices (annual %)",FP.CPI.TOTL.ZG,9.76466285757638,5.30124390261597,11.7460792058233,12.5242768428228,11.9591837222126,12.7777557830351,12.3671668414301,12.783047261882,-0.062718596710923,7.4838508635085,7.68725103356187,4.54633427355305,4.59787897363137,5.0887855462588,9.67624033101863,6.35930898037934,6.57022997455604,3.04505397337067,4.83778351428725,3.76597122245349
Madagascar,MDG,"Inflation, consumer prices (annual %)",FP.CPI.TOTL.ZG,7.91694484529585,16.4985255315846,-1.70400479616301,13.9558018033212,18.3638246468932,10.7656371554866,10.2879663187671,9.29650839381059,8.95421802392944,9.24732173644115,9.48254048582997,5.71384434191049,5.82642944451989,6.08040811088296,7.40419174202125,6.03575858154682,8.60905075422951,8.59422958870474,5.61051441492366,4.20179312190553
Maldives,MDV,"Inflation, consumer prices (annual %)",FP.CPI.TOTL.ZG,0.672577370062483,4.1786723990478,-1.26065113450349,-1.68541212459462,1.30027500930999,2.73842131602098,6.79477353930163,12.0414583505108,4.53017659132794,6.14988536750176,11.2734146055937,10.8846956585631,3.80563000919428,2.12000175718133,0.953206658777659,0.502509413611577,2.81747338234507,-0.133373386117525,0.220029731065343,-1.3697742556981
Middle East & North Africa,MEA,"Inflation, consumer prices (annual %)",FP.CPI.TOTL.ZG,1.74665224985432,1.83299389002049,1.98196734627542,3.12226204699354,3.104966401483,3.48340699677866,4.16782330119979,11.2706652380848,2.92089711805365,3.74915727597098,4.52421150505276,3.73120950756887,2.96400499850737,2.34626865671643,1.49475928578369,1.85207575190269,1.49193945456787,1.94579304594436,1.04883403678989,0.638544956776653
Mexico,MEX,"Inflation, consumer prices (annual %)",FP.CPI.TOTL.ZG,6.36773806235032,5.03072733151299,4.54690012118717,4.68840884843147,3.98805714597435,3.62946762439129,3.96684905458234,5.12498274575897,5.29735584228859,4.15672722680176,3.40737824605736,4.11150981070293,3.80639069747207,4.01861608078673,2.7206406496403,2.82170784747653,6.04145724018992,4.89935015356549,3.6359614212705,3.39683415569999
Marshall Islands,MHL,"Inflation, consumer prices (annual %)",FP.CPI.TOTL.ZG,,,,,,,,,,,,,,,,,,,,
Middle income,MIC,"Inflation, consumer prices (annual %)",FP.CPI.TOTL.ZG,5.32636138297843,4.70474352466085,5.12899499422414,4.68840884843147,5.05142028722872,5.79652337561635,6.21439994982588,10.1105132367436,4.2010447688327,4.11013309991733,5.79676809206526,4.52640399783169,4.07813082677221,3.47832239076811,2.89133617272295,2.46458856365463,3.32389447576096,3.19834641562404,2.70090653473598,2.68386047150764
North Macedonia,MKD,"Inflation, consumer prices (annual %)",FP.CPI.TOTL.ZG,5.19888525744053,2.31459794083216,0.855562122724249,-0.448650206552057,0.52551595071433,3.21362929606349,2.25175798305448,8.33189666968097,-0.739633963061138,1.50997522027615,3.90475422069738,3.31605566687646,2.78500056726115,-0.281705032928538,-0.299920475631447,-0.239290787684491,1.3516188967744,1.45831298507127,0.766439573459688,1.20007348888482
Mali,MLI,"Inflation, consumer prices (annual %)",FP.CPI.TOTL.ZG,5.18701191944063,5.03282275711195,-1.34672619047622,-3.09978128063954,6.3978829389788,1.54352596927583,1.41200201714577,9.17098813667678,2.46375188572298,1.10892690670188,2.95564395229391,5.32312847064058,-0.606736356351494,0.883814547137822,1.45069057605958,-1.79964707083376,1.75985742927153,0.299546507387888,-1.65826694846368,0.438088940320712
Malta,MLT,"Inflation, consumer prices (annual %)",FP.CPI.TOTL.ZG,2.92949244324101,2.1884904806055,1.303837774426,2.79082848067755,3.00796652450315,2.77378006481472,1.24921923797625,4.25862171897076,2.08432746082342,1.51563513618533,2.96298528192878,2.37582057760382,1.18028436366548,0.310306472181729,1.1005482637893,0.642702771527276,1.3643544815071,1.15782362451512,1.64206001768947,0.638544956776653
Myanmar,MMR,"Inflation, consumer prices (annual %)",FP.CPI.TOTL.ZG,21.1013053769229,57.0745112621703,36.5897175323924,4.53421374129695,9.36861814196702,19.9964873359215,35.0245970717698,26.7995371934022,1.47234311385647,7.71838195873614,5.02146014620726,1.46758322674678,5.64303883425513,4.95329918484382,9.45417189525996,6.92882525816124,4.57253655317505,6.87232865662918,8.82506696804562,
Middle East & North Africa (excluding high income),MNA,"Inflation, consumer prices (annual %)",FP.CPI.TOTL.ZG,2.12654526904646,2.72913569925393,4.33599308785193,3.79704017606909,3.80046802667731,5.04703296140611,4.32580794732626,12.310736758289,2.92089711805365,3.95007875923886,4.97148571692381,6.08909641595044,4.03762933648119,2.89947905006047,1.49475928578369,2.18686161532911,3.82262332939647,4.36615064471281,2.47857885221637,1.77740783806174
Montenegro,MNE,"Inflation, consumer prices (annual %)",FP.CPI.TOTL.ZG,,,,,,2.92451258123646,4.34712215656114,8.75872769588797,3.46672373207794,0.65494657014848,3.45014311248693,4.14524724981109,2.20589268141181,-0.71051405171022,1.54869158222488,-0.27138502338526,2.38023599053136,2.61122378263797,0.361563704540798,-0.255655699848551
Mongolia,MNG,"Inflation, consumer prices (annual %)",FP.CPI.TOTL.ZG,6.27736020484007,0.917074687184283,5.12899499422414,8.24115449417618,12.7165674066053,5.0951666166316,9.63096309630965,27.9556650246306,7.61950593519408,10.0462065881652,8.41121495327101,14.3303348325837,10.4906567588242,12.2539808129759,5.72687224669603,0.742300726059404,4.3107625408578,6.81243594195042,7.30481597480148,3.69316922767457
Northern Mariana Islands,MNP,"Inflation, consumer prices (annual %)",FP.CPI.TOTL.ZG,,,,,,,,,,,,,,,,,,,,
Mozambique,MOZ,"Inflation, consumer prices (annual %)",FP.CPI.TOTL.ZG,,,,,6.42755278070085,13.2450879071,8.4894867549745,14.5028053002268,3.78861330914626,12.4255421735156,11.1666056127874,2.60245456956622,4.26135250941965,2.55974875844296,3.55075967356746,17.4180418197597,15.1132073899385,3.91133439990733,2.78110631182942,
Mauritania,MRT,"Inflation, consumer prices (annual %)",FP.CPI.TOTL.ZG,4.7148963468961,3.89570525758491,5.15190150769576,10.3676233473073,12.1256487185541,6.24103328142821,7.25410841304886,7.34663541249786,2.2209203238178,6.28354087427708,5.68631959575963,4.90242727217991,4.12910173783393,3.53436856147326,3.23770308329082,1.48600676958638,2.27503457252097,3.04891482875157,2.30009262117938,2.38569488456317
Mauritius,MUS,"Inflation, consumer prices (annual %)",FP.CPI.TOTL.ZG,5.38934426229507,6.41933372221149,3.92105357558194,4.71037060105888,4.93717004981784,8.91350105650142,8.82729272393297,9.7322831714688,2.51609128145116,2.93236301369863,6.52249254869339,3.85216033315978,3.54329573934837,3.21769191994683,1.28654970760235,0.977675134719017,3.66699702675917,3.2160538314458,0.405655190309511,2.58080077182828
Malawi,MWI,"Inflation, consumer prices (annual %)",FP.CPI.TOTL.ZG,22.7,14.7446346101603,9.57679786919214,11.4298060822124,15.4103446604296,13.9742943548388,7.9522099086403,8.7126018660904,8.42204427696655,7.41159092883827,7.62282262848515,21.271265001378,27.2833333333333,23.7920649469687,21.8673475542553,21.7111132136499,11.543393918877,12.420178108921,9.37083605605672,8.62551469650552
Malaysia,MYS,"Inflation, consumer prices (annual %)",FP.CPI.TOTL.ZG,1.41678473206102,1.80787246281537,1.08967632577284,1.421271159374,2.97507092684453,3.6092356422439,2.02735317779565,5.44078221100772,0.583308405623704,1.62285235577031,3.17447092151309,1.66357102479204,2.10501231233614,3.14299050879107,2.10438980238344,2.09056659525745,3.8712011577424,0.884709160571244,0.662891865764376,-1.13870215393056
North America,NAC,"Inflation, consumer prices (annual %)",FP.CPI.TOTL.ZG,2.67564562932654,1.92221301795729,2.51432909348113,2.26724770583217,2.80314943994656,2.61398474802282,2.4955282370849,3.10468548554697,-0.028039731645233,1.70845749165809,3.03448832867281,1.7925077482529,1.20156227672118,1.76442944229347,0.621934248247613,1.34517137635809,1.86349706609467,2.35540448470459,1.88073954968806,0.975292014307111
Namibia,NAM,"Inflation, consumer prices (annual %)",FP.CPI.TOTL.ZG,,,7.13615311458628,4.13663213144747,2.28194607024306,4.96116689298916,6.54788141101717,9.09464307192811,9.45172651521703,4.87491987643953,5.00559518081198,6.72199777334885,5.60092502290408,5.35016966859592,3.39401538410559,6.72858234593346,6.14579981111162,4.29159105337873,3.72239414422688,2.20938236933482
New Caledonia,NCL,"Inflation, consumer prices (annual %)",FP.CPI.TOTL.ZG,,,,,,,,,,,2.42899693753409,1.74967234600262,1.27761318992722,0.178851060785501,0.570508141048026,0.578317435521153,,,,
Niger,NER,"Inflation, consumer prices (annual %)",FP.CPI.TOTL.ZG,4.00551428352676,2.62886597938136,-1.61440769175596,0.262543757292846,7.7974978178644,0.040485829959506,0.053959260758149,11.3051098827019,0.582906590801125,0.804073080882635,2.94238514013317,0.455089820359268,2.29723114955316,-0.930287259984461,-0.576090369833086,1.65388922387803,2.7963731887128,2.96760366004454,-2.48979265070851,
Nigeria,NGA,"Inflation, consumer prices (annual %)",FP.CPI.TOTL.ZG,18.8736462093863,12.8765792031099,14.0317836131437,14.9980338183251,17.8634933661605,8.22522152017048,5.38800796858625,11.5810751748252,12.5549603893497,13.7202018444406,10.8400275418866,12.2177817351031,8.47582728502893,8.06248582444999,9.00938718326781,15.6753405526234,16.5235399802169,12.0947315505318,11.3967949687168,
Nicaragua,NIC,"Inflation, consumer prices (annual %)",FP.CPI.TOTL.ZG,5.98604186279517,3.75017465778469,5.30238773219938,8.47021063584074,9.59909986064426,9.1401996677772,11.1269347446119,19.8262031287428,3.68700160498801,5.45513425887415,8.0823879809911,7.19355053338952,7.135467852894,6.03596861798431,3.99737996694398,3.52317317628476,3.85067166284725,4.94723728039882,5.3762899084413,3.68181341625573
Netherlands,NLD,"Inflation, consumer prices (annual %)",FP.CPI.TOTL.ZG,4.15584127195611,3.28753104712768,2.09199838997658,1.26364739183177,1.68813017869622,1.10150106517704,1.61385859802103,2.48650198289454,1.18977687021549,1.27530569556686,2.3410701775137,2.45554765291609,2.50689852657884,0.976035079699661,0.600248147278775,0.316666666666663,1.3814587140721,1.70349794744475,2.63369910249593,1.2724603778917
Norway,NOR,"Inflation, consumer prices (annual %)",FP.CPI.TOTL.ZG,3.00419703998231,1.28672528415185,2.48782553461785,0.454498502220854,1.53213367609252,2.32934980757545,0.712589073634205,3.75393081761006,2.19738586853571,2.41890639481001,1.28495158809159,0.696864111498241,2.12048620353119,2.0417028670721,2.17113665389528,3.55000000000002,1.87510059552548,2.76483134528794,2.16773003305405,1.28658490707998
Nepal,NPL,"Inflation, consumer prices (annual %)",FP.CPI.TOTL.ZG,2.6883037354563,3.02939948714895,5.70700931874738,2.84181131248977,6.83633265892876,6.92033580707588,2.26921924439076,9.9078300530648,11.0948237386987,9.32650410745393,9.22707546125953,9.45980980357129,9.04016311917647,8.36415469659556,7.86890895590905,8.79034332004629,3.62709610696609,4.0611633875107,5.56868547784925,5.05236655289216
Nauru,NRU,"Inflation, consumer prices (annual %)",FP.CPI.TOTL.ZG,,,,,,,,,,,0.300300300300307,-0.124750499001994,,,,,,,,
New Zealand,NZL,"Inflation, consumer prices (annual %)",FP.CPI.TOTL.ZG,2.62581630392901,2.6770925771161,1.75357444759553,2.2902490284757,3.03702332617015,3.36540196171992,2.37614310290657,3.9589493731206,2.1156511055456,2.30202385958576,4.02790667392038,1.05991318445635,1.13442266445812,1.22750750597405,0.292704628136101,0.646240284454502,1.85078767452532,1.59829703801698,1.61963190184049,1.71456170007244
OECD members,OED,"Inflation, consumer prices (annual %)",FP.CPI.TOTL.ZG,3.18908201518256,2.47736067910933,2.18428358241518,2.25796409638231,2.4695989874028,2.60015376460352,2.48470438812868,4.11422910550603,1.10457711175389,1.80735230566101,3.37429759432518,2.52945520915773,1.45156526398379,0.624517311086541,0.338705695410171,0.443258965728606,1.82264336059064,1.93246812286361,1.74071267870177,0.732851645175872
Oman,OMN,"Inflation, consumer prices (annual %)",FP.CPI.TOTL.ZG,-0.816666666666665,-0.279578822571303,0.231328682267088,0.624969062631406,1.90983553531864,3.54498591605032,5.83048418092712,12.3754091529911,3.46881023754896,3.25657959078624,4.04218867116396,2.94773495257207,1.04552838755363,1.02234314452965,0.065290133028648,1.10920805807029,1.59716060337177,0.881302104009536,0.133795057453182,-0.903874872278535
Other small states,OSS,"Inflation, consumer prices (annual %)",FP.CPI.TOTL.ZG,3.38018467372818,3.41658194795912,2.7835594539828,3.15819324298464,3.32919922802853,3.70978479803866,5.10383437625303,9.07943964570875,3.13111828379103,3.16340141172307,4.80063594169398,4.03932356139044,3.26099456858863,2.12000175718133,1.54869158222488,1.5031205586109,2.38023599053136,2.64707073265592,1.64206001768947,1.77740783806174
Pakistan,PAK,"Inflation, consumer prices (annual %)",FP.CPI.TOTL.ZG,3.14826144590616,3.29034472613156,2.91413470059477,7.44462469342738,9.0633273703042,7.92108440058788,7.59868441050775,20.2861210929554,13.6477650639761,12.938870563489,11.9160927116277,9.6823518605568,7.6921561189957,7.18938402847025,2.52932817254226,3.76511916356584,4.08537368032604,5.07805725868917,10.5783618004555,9.73999313898131
Panama,PAN,"Inflation, consumer prices (annual %)",FP.CPI.TOTL.ZG,0.307062436028713,1.00583090379042,0.391666666666668,0.474723078204383,2.85588324760956,2.45789346442094,4.16863300298888,8.75868317728783,2.40905304082197,3.49128872618805,5.87580243678762,5.69819959165999,4.0271599157105,2.62652699929154,0.137492058461537,0.739734025300028,0.875585918759888,0.761578359399943,-0.355083821021212,-1.55027540803759
Peru,PER,"Inflation, consumer prices (annual %)",FP.CPI.TOTL.ZG,1.97709878502054,0.193135003853741,2.25937753363073,3.66247320092233,1.61630193862543,2.00225801248819,1.77998644680372,5.78587598206755,2.93623153596701,1.52832059732903,3.36931095333853,3.65570906781008,2.80671650937615,3.24496304244158,3.54928804947929,3.59211324147449,2.80283916977831,1.31764765937395,2.13715342569978,1.82605269777589
Philippines,PHL,"Inflation, consumer prices (annual %)",FP.CPI.TOTL.ZG,5.3455019556714,2.72277227722769,2.28915662650606,4.82921083627796,6.51685393258431,5.48523206751053,2.90000000000002,8.26044703595724,4.21903052064627,3.78983634797591,4.71841704718416,3.02696391124798,2.58268766141797,3.59782343864207,0.674192536845412,1.25369880080983,2.85318772590942,5.21160460595185,2.48027858716509,2.63522884882108
Palau,PLW,"Inflation, consumer prices (annual %)",FP.CPI.TOTL.ZG,,-1.30123617436564,0.922874093605812,4.96407576747222,3.9514623522091,4.42981143370247,3.23875035826886,11.9655746807329,1.43813538308952,1.44219017355169,4.67469879518072,3.61418047882136,3.35481004221285,4.19174548581256,0.94904064369715,-1.04230533415084,1.28046261875257,,,
Papua New Guinea,PNG,"Inflation, consumer prices (annual %)",FP.CPI.TOTL.ZG,9.2981733278397,11.7994470972606,14.7090779663557,2.15893131266947,1.78080439925828,2.3684623841683,0.911350455675219,10.7614182326827,6.91832532601222,6.01360893567859,4.44083401028976,4.53720508166969,4.96031746031744,5.22211720226844,5.99595778127105,6.67372881355933,5.42204568023833,4.37448921453166,3.92867290939598,4.87167398565548
Poland,POL,"Inflation, consumer prices (annual %)",FP.CPI.TOTL.ZG,5.40833545566151,1.90528215048054,0.682701375787657,3.38264681884694,2.18379872390258,1.28469394366409,2.45874312385397,4.1649719352477,3.79539242483406,2.58069370250546,4.23940149625935,3.56037151702788,0.99198260633235,0.053821313240047,-0.874125874125849,-0.664767331434023,2.07593553673862,1.81295156542681,2.227478809383,3.3744697261859
Pre-demographic dividend,PRE,"Inflation, consumer prices (annual %)",FP.CPI.TOTL.ZG,5.07745045522497,4.37875971780872,5.22773386139679,4.10703593955402,7.7974978178644,6.69526465773353,5.99590755876368,10.2876847921194,4.56150687670986,3.9765528847817,6.42939681072336,6.44121280934118,4.63161619729463,3.30452308390081,3.39423137842914,4.66466235810214,4.9759515055383,2.96760366004454,2.37758732789788,3.54235668851353
Puerto Rico,PRI,"Inflation, consumer prices (annual %)",FP.CPI.TOTL.ZG,,,,,,,,,,,,,,,,,,,,
"Korea, Dem. People's Rep.",PRK,"Inflation, consumer prices (annual %)",FP.CPI.TOTL.ZG,,,,,,,,,,,,,,,,,,,,
Portugal,PRT,"Inflation, consumer prices (annual %)",FP.CPI.TOTL.ZG,4.36990330551795,3.60034658290911,3.21899090682897,2.365362040973,2.27716394887833,3.10766545871054,2.45396528138739,2.58850657657964,-0.83553002150417,1.40257289895371,3.65301100430729,2.77333854051579,0.27441666666668,-0.278153367467421,0.487938623904736,0.607397074641661,1.36861411643481,0.99371568346825,0.338178410046125,-0.012438329957617
Paraguay,PRY,"Inflation, consumer prices (annual %)",FP.CPI.TOTL.ZG,7.26806028584821,10.5102420856612,14.2367970499143,4.32326492967491,6.80738203116371,9.5893494112923,8.13047417698579,10.1547846489023,2.5919467343056,4.6511627906977,8.25396825396825,3.6759189797449,2.68385738718593,5.02882767456758,3.12900274473924,4.08682280577242,3.60247741348939,3.97561015740691,2.7570972756279,1.7675159235669
West Bank and Gaza,PSE,"Inflation, consumer prices (annual %)",FP.CPI.TOTL.ZG,1.22278475878899,5.70951585976628,4.40303221730885,3.00417498638594,4.10725070715932,3.8423412562478,1.85974379351109,9.88999788691853,2.75393485083151,3.74915727597098,2.8772435849594,2.77908768282493,1.72439933626923,1.73298510037451,1.43161145810472,-0.219106604907305,0.212570934228834,-0.195107773730686,1.58018333639459,-0.735332001092242
Pacific island small states,PSS,"Inflation, consumer prices (annual %)",FP.CPI.TOTL.ZG,4.05547744166415,1.96356754199194,3.01624129930396,4.96407576747222,3.9514623522091,4.42981143370247,4.36959514201883,11.0064471756381,5.31100954595294,2.10244243416259,4.87864641704219,2.04901883521161,1.60563054554334,1.45142452367367,0.648242939254553,1.07339388853336,1.5151796967999,2.89621932270308,,
Post-demographic dividend,PST,"Inflation, consumer prices (annual %)",FP.CPI.TOTL.ZG,2.65691093929316,1.99874921149352,2.02168542857985,2.0792446463609,2.37531958977879,2.45792444195864,2.32761128891476,4.15279744732985,0.83926224679384,1.99621236745889,3.3298640617472,2.48567562177017,1.40854629241729,0.906797948515676,0.368046842325369,0.607397074641661,1.73079959118897,1.73860861988181,1.61519988737214,0.587901674726066
French Polynesia,PYF,"Inflation, consumer prices (annual %)",FP.CPI.TOTL.ZG,,,,,,,,,,,,,,,,,,,,
Qatar,QAT,"Inflation, consumer prices (annual %)",FP.CPI.TOTL.ZG,1.4713343480468,0.239999999999965,2.26456504389471,6.79933665008281,8.81439532334679,11.8358096197431,13.7581625759964,15.0501451570333,-4.86327801622565,-2.42525675161712,1.13836623529203,2.3153485343166,3.22197756829288,3.34972085659527,1.81407723937759,2.67659170098193,0.394878914082996,0.255815382724374,-0.666641124861102,-2.54031503004763
Romania,ROU,"Inflation, consumer prices (annual %)",FP.CPI.TOTL.ZG,34.4770123493528,22.5398862605386,15.2734889936255,11.8743635936399,9.01491283343835,6.55851412276983,4.83732928313989,7.85080255714483,5.58742004264392,6.09141668601892,5.78925328815882,3.33492267693443,3.98471235548128,1.06830987684293,-0.594156437495137,-1.54479666813904,1.33902121104396,4.62548443137781,3.82785432599428,2.63107311184752
Russian Federation,RUS,"Inflation, consumer prices (annual %)",FP.CPI.TOTL.ZG,21.4770072117159,15.7887307914462,13.6632930228667,10.8886157326216,12.6853039507349,9.66865454789265,9.00729868861076,14.1107677840442,11.6473295764118,6.8493923025503,8.44046485932559,5.0747430079915,6.75371026220953,7.82341183865503,15.5344050528404,7.04244762954798,3.68332944412231,2.87829723647886,4.47036660760175,3.38165937237896
Rwanda,RWA,"Inflation, consumer prices (annual %)",FP.CPI.TOTL.ZG,3.34285506749407,1.99258542453994,7.44970014007364,12.2507102894392,9.01408918092335,8.88282654777925,9.08072205873161,15.4382138709255,12.9443978401711,-0.246128693436925,3.0801706924026,10.2710182318876,5.92426867984847,2.35449052820364,2.52850284192422,7.17434301982013,8.27953672260826,-0.311210160390642,3.3478765503764,9.85039902274209
South Asia,SAS,"Inflation, consumer prices (annual %)",FP.CPI.TOTL.ZG,3.14826144590616,3.33256493271908,3.80585899528851,3.76725173477513,6.94147541057457,6.77492886028207,7.19672897490469,10.9746442017878,4.97682447653736,7.58152977621469,10.2502450334266,9.38612770422255,7.45808909655514,6.82056952183889,4.15825589072148,4.17139021053493,4.52022867508867,3.33451626300347,3.6258350328117,5.6910747474621
Saudi Arabia,SAU,"Inflation, consumer prices (annual %)",FP.CPI.TOTL.ZG,-1.12094477457178,0.247186514299252,0.61219439512525,0.515506766998062,0.479230397826103,2.20902407871182,4.16782330119979,9.87024791275996,5.05722314693633,5.33941680637453,5.82621608838853,2.86626887489922,3.53252470694923,2.23629031536967,1.20607322150117,2.06884036053476,-0.838194579675057,2.45814158007533,-2.09333333333333,3.44545825956691
Sudan,SDN,"Inflation, consumer prices (annual %)",FP.CPI.TOTL.ZG,1.9352957209532,22.2247241495905,6.48943208673345,9.65754628605949,8.50585075933105,7.19912990114709,14.7542770780085,14.2971224481435,11.2567587063008,12.9776663898014,18.0966171221351,35.5590574147027,36.5223449139153,36.9066427863594,16.9095706050979,17.7502538311959,32.3516260968437,63.2925073455883,50.9940515002971,150.322723865569
Senegal,SEN,"Inflation, consumer prices (annual %)",FP.CPI.TOTL.ZG,2.97450083919572,2.33730187454302,-0.051997024271457,0.514781781022991,1.71133325855505,2.11228583877112,5.85330428467685,7.34720236578405,-2.24802147855339,1.22868119673344,3.40322829786967,1.41822871177848,0.710245486695225,-1.09025507446894,0.135211933635241,0.837284942557418,1.31815314847782,0.46098564246427,1.75856517595659,2.54743464570552
Singapore,SGP,"Inflation, consumer prices (annual %)",FP.CPI.TOTL.ZG,0.997197956155967,-0.391676866585079,0.507905300237539,1.66272719863073,0.425106276569101,0.962901778165128,2.10488003633213,6.62778177352127,0.596720257424972,2.82366134885609,5.2477933984048,4.57560270376522,2.35860415399836,1.02514803039394,-0.522618167075314,-0.53226873971629,0.576260310166371,0.438620118446782,0.565260568780358,-0.181916666666656
Solomon Islands,SLB,"Inflation, consumer prices (annual %)",FP.CPI.TOTL.ZG,6.92583732057424,10.9296341872692,8.26946349334404,6.98584202682568,7.33066341633299,11.2199870214146,7.66602013484803,17.3200651968774,7.09271716876284,1.0514816332104,7.34270706018,5.91200602491156,5.39136388587559,5.16590237925172,-0.574469286359543,0.512485626268801,0.488686760260984,3.46147484973745,1.63485544012242,2.96354992076069
Sierra Leone,SLE,"Inflation, consumer prices (annual %)",FP.CPI.TOTL.ZG,,,,,,,11.6499744518106,8.20461492682667,7.46916666666666,7.19353613051804,6.78819444444446,6.58835961632254,5.51827136955831,4.64546204670158,6.69367927894743,10.8832858622475,18.2198091957714,16.0327898535814,14.8030585681759,13.4469773031285
El Salvador,SLV,"Inflation, consumer prices (annual %)",FP.CPI.TOTL.ZG,3.7508205747202,1.86552503610078,2.1203909173333,4.45194392395044,4.69094870903771,4.03712359429611,4.57808572377153,6.70792293515938,1.05595029731201,1.17933576873676,5.12892376681616,1.72973481581381,0.7576691845229,1.1413446753823,-0.731384487387986,0.604049086996682,1.01235403315573,1.09033000581896,0.075324135002433,-0.371590212323993
San Marino,SMR,"Inflation, consumer prices (annual %)",FP.CPI.TOTL.ZG,,,,1.43083868527342,1.68548890528349,2.0952593561143,2.49894575725804,4.29320249287706,2.19959237046011,2.58541815582589,2.89979584300121,2.82733224222587,1.60439298078071,1.11296303373859,0.145686073241013,0.573948019801976,1.04597683468952,,,
Somalia,SOM,"Inflation, consumer prices (annual %)",FP.CPI.TOTL.ZG,,,,,,,,,,,,,,,,,,,,
Serbia,SRB,"Inflation, consumer prices (annual %)",FP.CPI.TOTL.ZG,95.0052258100007,19.4908321579689,9.87617889729578,11.0263627183464,16.1199806482826,11.7240229980834,6.3917064439141,12.410986775178,8.1169509223808,6.14255360247246,11.1373976342129,7.33038589596636,7.69426362896666,2.08244793880151,1.39235822000187,1.12231397417765,3.13106248590119,1.95984076293803,1.8492298451109,1.57553290083409
Sub-Saharan Africa (excluding high income),SSA,"Inflation, consumer prices (annual %)",FP.CPI.TOTL.ZG,5.07745045522497,5.03282275711195,6.08442507553,4.1781600011979,6.60524085549198,6.61655430536479,7.02551436974778,10.2969758221254,6.13541788018379,4.0635389730329,5.68631959575963,6.57589970757695,4.90271441893287,4.40380271714362,3.47238752883653,5.4392348709639,5.31871605228923,4.27462198610544,2.77698537023136,3.25708783502506
South Sudan,SSD,"Inflation, consumer prices (annual %)",FP.CPI.TOTL.ZG,,,,,,,,,5.00627361534051,1.16962180301104,46.8521757193597,45.5258978371706,-0.058090978422532,1.67429906295517,52.7663304192143,379.999585624026,187.851630279442,83.5015294921999,87.2413641500032,29.6758435538571
Sub-Saharan Africa,SSF,"Inflation, consumer prices (annual %)",FP.CPI.TOTL.ZG,5.14746800222619,4.70579123746034,5.67941806432656,4.13663213144747,6.42755278070085,6.53784395299605,6.78669789038248,10.378524478798,7.26456214502708,4.0200459289073,5.36621092948083,6.58212966194974,4.88391670694832,4.40225309243433,3.55075967356746,5.43271095818786,5.24989914246333,4.09297819300638,2.7728644286333,3.25708783502506
Small states,SST,"Inflation, consumer prices (annual %)",FP.CPI.TOTL.ZG,3.38018467372818,2.48343048790224,2.26456504389471,3.08518656111383,3.59207013544351,4.25195321977968,4.99814769116627,8.91148195768869,2.87390689965704,3.28202686158169,4.80063594169398,3.6566204827882,2.06466436124746,1.76950322089726,0.968993458825599,1.28192813061894,1.8803844018353,2.29424307036244,1.50462353858147,1.47710979924147
Sao Tome and Principe,STP,"Inflation, consumer prices (annual %)",FP.CPI.TOTL.ZG,9.22203707560889,10.128724672229,9.7924197493451,13.2858860871796,17.1522049354354,23.0770373451382,18.5485136325779,31.9901039492573,16.9574758025945,13.34005235378,14.3271667616801,10.6379353431629,8.10583270875467,6.99849943966418,5.25017086354882,5.43271095818786,5.69508878579428,7.85706431333533,,
Suriname,SUR,"Inflation, consumer prices (annual %)",FP.CPI.TOTL.ZG,38.5862878872612,15.5273989185702,23.0022321778219,9.98632511974879,9.89800489561464,11.2813043273975,6.42627934470528,14.6671427437911,-0.133636646714849,6.94108221639997,17.7117796414557,5.00686319367281,1.9234360410831,3.38341272749479,6.89390359168242,55.4123879763194,21.9969430173304,,,34.9009428148148
Slovak Republic,SVK,"Inflation, consumer prices (annual %)",FP.CPI.TOTL.ZG,7.32962019115532,3.12714222984604,8.55414305406651,7.54850088183419,2.70908494588391,4.48333120449611,2.75672371638138,4.59817976325028,1.61510464058236,0.957018132975136,3.91928599146294,3.60610263522886,1.40047368963031,-0.076165329541982,-0.325219777427739,-0.520010196278324,1.31194588223234,2.51403712883808,2.66456133425443,1.9369412669422
Slovenia,SVN,"Inflation, consumer prices (annual %)",FP.CPI.TOTL.ZG,8.37966587492205,7.48077770703756,5.54416421752898,3.59297594249513,2.45150132316474,2.45792444195864,3.65749563284104,5.64742380573934,0.83926224679384,1.80117022137136,1.80285171941907,2.5974138603901,1.76920085881896,0.199343826570849,-0.525552285820838,-0.054999541670491,1.42910743319297,1.73860861988181,1.63052260754338,-0.054856815760607
Sweden,SWE,"Inflation, consumer prices (annual %)",FP.CPI.TOTL.ZG,2.40595834145435,2.15848213589263,1.92565534892387,0.373659828721796,0.453170852576176,1.36021468627688,2.21216883436735,3.43704910602875,-0.494460544378046,1.15798802715629,2.96115073822139,0.8883775069237,-0.044292970148656,-0.17963849411465,-0.046784744983265,0.984269244577978,1.79449904665596,1.95353530127029,1.78415097403832,0.497367318853562
Eswatini,SWZ,"Inflation, consumer prices (annual %)",FP.CPI.TOTL.ZG,5.94210982281647,12.0197154699231,7.28999999999997,3.44533507316616,4.77400404553713,5.30463946338722,8.07608827861581,12.6574601863916,7.44823423445757,4.50923691774373,6.10742714590245,8.9396468278821,5.62130623468951,5.68134885776449,4.95124493704917,7.84727459085681,6.22137528933114,4.81506167461507,2.59801620311075,
Sint Maarten (Dutch part),SXM,"Inflation, consumer prices (annual %)",FP.CPI.TOTL.ZG,,,,,,0.300601202404787,4.43245754245759,-0.417929020080811,5.957636887608,1.33857621672885,4.58475435650402,4.01518421081602,2.52864788538364,1.8867546627522,0.330027165141339,0.111682655737255,2.19201010963043,,,
Seychelles,SYC,"Inflation, consumer prices (annual %)",FP.CPI.TOTL.ZG,5.96962204168156,0.174999999999919,3.30255386407089,3.85730391367399,0.907187718073947,-0.353465498693752,5.32060027285136,36.9647582875288,31.7544407744178,-2.40463875108223,2.5592677223095,7.11037062326402,4.33893848329104,1.38583454581262,4.04194410725623,-1.01548191697642,2.85679575568449,3.70291839111562,1.80611159983627,
Syrian Arab Republic,SYR,"Inflation, consumer prices (annual %)",FP.CPI.TOTL.ZG,2.99999999999995,-0.130505282417403,5.79682944905843,4.43314136719838,7.24034939348534,10.0241105377571,3.90770950443607,15.7453252219709,2.92089711805365,4.39741383150069,4.75316388885632,36.7022953364139,,,,,,,,
Turks and Caicos Islands,TCA,"Inflation, consumer prices (annual %)",FP.CPI.TOTL.ZG,,,,,,,,,,,,,,,,,,,,
Chad,TCD,"Inflation, consumer prices (annual %)",FP.CPI.TOTL.ZG,12.4312865279941,5.19181895195446,-1.75256941248654,-5.35540028884816,7.89036567462992,8.03628897951331,-8.97473962009269,10.2969758221254,9.95242290748864,-2.07786574641867,2.02924053678257,7.51662364663835,0.222671564624589,1.68197313925659,4.3771266506566,-0.792440525236028,-1.53709962980847,4.27462198610544,-0.971939175419353,
East Asia & Pacific (IDA & IBRD countries),TEA,"Inflation, consumer prices (annual %)",FP.CPI.TOTL.ZG,4.27267024465106,2.34316990960982,3.23464817293924,4.53421374129695,4.54036919634533,4.63747436011765,4.81023704342911,10.3368260300685,3.67503305540298,3.61196234430299,5.15900497684396,3.02696391124798,2.92758351575675,3.37040697371657,1.08648629940421,1.75711158908289,2.88291164981211,2.82871578471268,2.48027858716509,2.63522884882108
Europe & Central Asia (IDA & IBRD countries),TEC,"Inflation, consumer prices (annual %)",FP.CPI.TOTL.ZG,7.85753852196595,5.69899047861309,4.72155336605342,6.88205438981899,7.57999929125766,6.99712903535592,8.40253419005894,10.4441283764885,3.46672373207794,6.14255360247246,7.6500080785929,3.33492267693443,2.78500056726115,2.08244793880151,3.73169119261695,0.388838296895887,2.75564923821628,2.56572880132714,2.64328192719554,2.68178260302086
Togo,TGO,"Inflation, consumer prices (annual %)",FP.CPI.TOTL.ZG,3.91959133653153,3.05981857535875,-0.930000884072223,0.393078681031676,6.78292893028311,2.2289777941403,0.945673271705163,8.6948281436391,3.71360592035804,1.44594517430865,3.56351472903955,2.57718174055852,1.82539475909161,0.190875076249778,2.5839052698704,1.28524660824512,-0.980289495517403,0.928170503538593,0.685897590895539,1.82754038520035
Thailand,THA,"Inflation, consumer prices (annual %)",FP.CPI.TOTL.ZG,1.62690887314089,0.697308976625456,1.80434994635721,2.75914926231081,4.54036919634533,4.63747436011765,2.24154095286803,5.46848949649844,-0.845716092316723,3.24758842443727,3.80879058139634,3.01489950334988,2.18488618530682,1.89514181898783,-0.900424963291544,0.188149704448173,0.66563189313507,1.06389754183022,0.70672860131428,-0.845937147357037
Tajikistan,TJK,"Inflation, consumer prices (annual %)",FP.CPI.TOTL.ZG,38.5918894488599,12.2499847845887,16.3034912049488,7.14196508692252,7.09193244083765,10.0108651886461,13.1491247062982,20.4705219109964,6.44823481066691,6.44531440780656,12.4315490430408,5.83116601031449,5.00964645344951,6.10442765129665,5.71455949649708,6.00458082322154,,,,
Turkmenistan,TKM,"Inflation, consumer prices (annual %)",FP.CPI.TOTL.ZG,,,,,,,,,,,,,,,,,,,,
Latin America & the Caribbean (IDA & IBRD countries),TLA,"Inflation, consumer prices (annual %)",FP.CPI.TOTL.ZG,5.53665326322303,5.03072733151299,5.30238773219938,4.45194392395044,4.6992773903564,4.29245011787705,6.14356655248045,8.7162687303961,2.76408913513631,3.79644333768707,5.46284592944071,4.14457284086405,3.30655360342411,3.47832239076811,3.14341696227422,2.77316004021472,2.80283916977831,2.29810236299036,2.09163862244912,3.12862944303855
Timor-Leste,TLS,"Inflation, consumer prices (annual %)",FP.CPI.TOTL.ZG,,,7.16515891441838,3.23751394003323,1.11167400387197,3.93616259929866,10.3009020174895,9.0642362194894,0.669681185965451,6.76597680236482,13.4998402385771,11.8003096701543,10.9872344156475,0.848838206293416,0.646148614181263,-1.46984287886469,0.522976680384116,2.29424307036244,0.958812739703201,
Middle East & North Africa (IDA & IBRD countries),TMN,"Inflation, consumer prices (annual %)",FP.CPI.TOTL.ZG,2.26975720475954,2.72103284850454,4.268953958395,3.96180030257191,3.4936853461953,6.25172466656442,4.74390639021646,12.6628528269228,3.29290021224145,3.96677908889859,5.02009983235182,6.33528544639364,4.82101956297391,2.90820298536752,1.55790711346266,2.73841208738761,4.32135218303198,4.46231108475485,3.0053894939038,2.09626938944794
Tonga,TON,"Inflation, consumer prices (annual %)",FP.CPI.TOTL.ZG,8.2902831885033,10.3590607918507,11.6386219580735,10.9734053679554,8.66569221131753,6.1491160645657,5.84224874901382,10.4469875128222,1.42685972070538,3.53491239189831,6.27075302995689,1.14753853706055,0.775629322367448,2.51087633253703,-1.05399831971284,2.57815515245079,7.44224546617505,,,
South Asia (IDA & IBRD),TSA,"Inflation, consumer prices (annual %)",FP.CPI.TOTL.ZG,3.14826144590616,3.33256493271908,3.80585899528851,3.76725173477513,6.94147541057457,6.77492886028207,7.19672897490469,10.9746442017878,4.97682447653736,7.58152977621469,10.2502450334266,9.38612770422255,7.45808909655514,6.82056952183889,4.15825589072148,4.17139021053493,4.52022867508867,3.33451626300347,3.6258350328117,5.6910747474621
Sub-Saharan Africa (IDA & IBRD countries),TSS,"Inflation, consumer prices (annual %)",FP.CPI.TOTL.ZG,5.14746800222619,4.70579123746034,5.67941806432656,4.13663213144747,6.42755278070085,6.53784395299605,6.78669789038248,10.378524478798,7.26456214502708,4.0200459289073,5.36621092948083,6.58212966194974,4.88391670694832,4.40225309243433,3.55075967356746,5.43271095818786,5.24989914246333,4.09297819300638,2.7728644286333,3.25708783502506
Trinidad and Tobago,TTO,"Inflation, consumer prices (annual %)",FP.CPI.TOTL.ZG,5.53665326322303,4.15005861664714,3.81110624396873,3.72154938995966,6.87453459583515,8.32960351465344,7.89438834757306,12.0303445477177,6.97808725251547,10.5492003179987,5.10713289264559,9.26028137068287,5.19981740465616,5.68441814595665,4.66121598098263,3.07066742464024,1.8803844018353,1.01856930188828,1.00054293027224,0.598986330824747
Tunisia,TUN,"Inflation, consumer prices (annual %)",FP.CPI.TOTL.ZG,1.98333333333338,2.72103284850454,2.7125924747435,3.63228004956626,2.01778641357149,3.22525337438917,2.9669443247735,4.34502807623041,3.66490330642925,3.33897963601065,3.24002842009523,4.61184432206646,5.31623531326693,4.62555099534024,4.437371273215,3.62939937384383,5.30884839565841,7.3075917603165,6.72007532863804,5.63415115897623
Turkey,TUR,"Inflation, consumer prices (annual %)",FP.CPI.TOTL.ZG,54.4001887619075,44.9641209479849,21.6024384490573,8.59826168115267,8.17916036802001,9.59724212288445,8.75618090972635,10.4441283764885,6.25097663090625,8.56644420552977,6.47187967115097,8.89156996512164,7.49309030547697,8.85457271364318,7.6708536484588,7.77513415328334,11.1443110840764,16.3324638988929,15.1768215720023,12.2789574462574
Tuvalu,TUV,"Inflation, consumer prices (annual %)",FP.CPI.TOTL.ZG,,,,,,,,,,,0.500580743152696,,,,,,,,,
Tanzania,TZA,"Inflation, consumer prices (annual %)",FP.CPI.TOTL.ZG,5.14746800222619,5.31783366118202,5.30356621509782,4.73580143949057,5.03457009267161,7.25097262082545,7.02551436974778,10.2783937621134,12.1422278742988,6.20015595647402,12.6909694699163,16.0010938506338,7.87072364573953,6.13161432988016,5.58816952959301,5.17476629301494,5.31871605228923,3.49445848856184,3.46428057999023,3.29029062798326
Uganda,UGA,"Inflation, consumer prices (annual %)",FP.CPI.TOTL.ZG,1.86512524084773,-0.287508511765176,8.68047651566882,3.72128743978227,8.44872642299535,7.3106761356186,6.13851083285051,12.0508555482885,13.0172561889186,3.9765528847817,15.1251539449716,12.6787362442314,4.90271441893287,3.07467760632835,5.41000419560863,5.44575878373994,5.64093192245177,2.62397505207709,2.86909425020554,3.7944227490438
Ukraine,UKR,"Inflation, consumer prices (annual %)",FP.CPI.TOTL.ZG,11.958808539046,0.757420846392867,5.17967781908312,9.0480678605089,13.5695764909248,9.05252491133255,12.8387796190181,25.226461707384,15.8811924594476,9.37293105078976,7.95572466274646,0.568727971803899,-0.238948626045408,12.0718562874252,48.6998646434423,13.9127101997796,14.4383227488749,10.9518559353179,7.8867174561113,2.7324920941942
Upper middle income,UMC,"Inflation, consumer prices (annual %)",FP.CPI.TOTL.ZG,6.03482144858937,5.69899047861309,5.16251506019906,4.67843753606515,4.73876962308159,4.7993206265534,5.69369501544421,9.54135040902528,2.5919467343056,3.85950909833169,5.67157610536687,3.78180754679685,2.80671650937615,2.98997547529445,1.49285769579071,1.68932728878056,3.20530971634332,2.6132342483073,2.11659988948891,2.0498707687884
Uruguay,URY,"Inflation, consumer prices (annual %)",FP.CPI.TOTL.ZG,4.35934065217274,13.9724725913516,19.3797301743994,9.15760507540996,4.6992773903564,6.39764974385121,8.11464561179318,7.87707374730889,7.06221874388572,6.69870886978135,8.09283206302989,8.09776580573602,8.57513504005394,8.87735333229828,8.66626987079337,9.63941347635073,6.21809382561863,7.60653360377044,7.88198870879622,9.75640636078191
United States,USA,"Inflation, consumer prices (annual %)",FP.CPI.TOTL.ZG,2.82617111885402,1.58603162650603,2.27009497336113,2.67723669309173,3.39274684549547,3.22594410070407,2.85267248150136,3.83910029665101,-0.35554626629975,1.64004344238989,3.15684156862206,2.06933726526059,1.46483265562714,1.62222297740821,0.118627135552435,1.26158320570537,2.13011000365963,2.44258329692818,1.81221007526015,1.23358439630637
Uzbekistan,UZB,"Inflation, consumer prices (annual %)",FP.CPI.TOTL.ZG,,,,,,,,,,,,,,,,,,,,
St. Vincent and the Grenadines,VCT,"Inflation, consumer prices (annual %)",FP.CPI.TOTL.ZG,0.900858485866485,1.85550399046653,0.205981708824229,2.96003946719292,3.73342916467019,2.7406751607067,7.23614701584804,10.0662418245849,0.421539125687228,0.747109026311466,3.18603111552464,2.59844414147086,0.805127804267965,0.193858560794042,-1.73361194953949,-0.149641647633301,2.15333648840511,2.32414485367923,0.913069725324485,
"Venezuela, RB",VEN,"Inflation, consumer prices (annual %)",FP.CPI.TOTL.ZG,,,,,,,,,27.0809414466131,28.1874647092039,26.0902123160955,21.0689956331878,40.6394275161588,62.168649979483,121.738085297504,254.948534781815,,,,
British Virgin Islands,VGB,"Inflation, consumer prices (annual %)",FP.CPI.TOTL.ZG,,,,,,,,,,,,,,,,,,,,
Virgin Islands (U.S.),VIR,"Inflation, consumer prices (annual %)",FP.CPI.TOTL.ZG,,,,,,,,,,,,,,,,,,,,
Vietnam,VNM,"Inflation, consumer prices (annual %)",FP.CPI.TOTL.ZG,-0.431544511728152,3.83082838168469,3.23464817293924,7.75494748709602,8.2845724312867,7.41801715108469,8.34444889773838,23.1154483474477,6.71698269988629,9.20746648778418,18.6777322770706,9.09470339557193,6.59267475899191,4.08455446637622,0.631200905175718,2.66824816969083,3.52025688811619,3.53962805942641,2.79582367452244,3.22093436652514
Vanuatu,VUT,"Inflation, consumer prices (annual %)",FP.CPI.TOTL.ZG,3.57755452095076,1.96356754199194,3.01624129930396,1.41891891891891,1.19920053297802,2.0408163265306,3.93548387096775,4.84171322160149,4.29706572955357,2.7626946947735,0.873793104781058,1.34740362877658,1.45893371757928,0.798863838096904,2.48326875660446,0.842069084035039,3.08452624403546,2.3309637956687,2.76252019386107,
World,WLD,"Inflation, consumer prices (annual %)",FP.CPI.TOTL.ZG,3.83828463867723,2.83442260128067,3.03213947342165,3.38264681884694,4.11218391213821,4.28239604802565,4.81676767378831,8.95297020265588,2.93623153596701,3.35475770328918,4.82239636013318,3.72532666110647,2.62105001748115,2.34626865671643,1.43431763373063,1.55001641722147,2.19201010963043,2.43873655522938,2.16773003305405,1.9369412669422
Samoa,WSM,"Inflation, consumer prices (annual %)",FP.CPI.TOTL.ZG,3.83828463867723,8.05031446540872,0.115830115830111,16.3131507905901,1.85676392572947,3.70008680555554,5.57706393219632,11.5659068384539,6.32495336235231,0.777007268777681,5.23541591478427,2.04901883521161,0.610085720905009,-0.406816088424881,0.724470134874833,1.30471869303168,1.74989677484723,4.19745888663745,0.982326569888142,-1.568912477409
Kosovo,XKX,"Inflation, consumer prices (annual %)",FP.CPI.TOTL.ZG,,,-1.08481262327414,-1.06472696605527,-1.38518913159302,0.621646938601723,4.35849695328368,9.35041764658177,-2.41026401661228,3.48050763735848,7.33641771315266,2.47673782156539,1.76732428354889,0.4289578083241,-0.536929392740657,0.273169431045511,1.48823430592309,1.05379773654998,2.67599202639892,0.198227922994858
"Yemen, Rep.",YEM,"Inflation, consumer prices (annual %)",FP.CPI.TOTL.ZG,11.9115912929855,12.2385339389711,10.8323607023241,12.5150951495208,11.8112639374949,10.8447986914257,7.90511778988729,18.9762574318077,5.40776098077526,11.1748338605043,19.5435617131149,9.88538714484848,10.9684421500194,8.10472583623948,,,,,,
South Africa,ZAF,"Inflation, consumer prices (annual %)",FP.CPI.TOTL.ZG,5.70190483482843,9.49470667101602,5.67941806432656,-0.692030138335916,2.06285222531756,3.24390167452648,6.17781206971621,10.055282028471,7.26456214502708,4.0635389730329,5.01715773281268,5.72394366197183,5.77640413513801,6.13602015113351,4.50920827795706,6.59460441456991,5.18108223263743,4.50457749331605,4.12435072486239,3.22388504206686
Zambia,ZMB,"Inflation, consumer prices (annual %)",FP.CPI.TOTL.ZG,21.3937821792546,22.2333446430947,21.4015783901995,17.9677891087286,18.324439701174,9.01957247226486,10.6573496000153,12.4455793463192,13.3952546325895,8.50176133365265,6.42939681072336,6.57589970757695,6.97767605490317,7.80687553566328,10.1105928909618,17.8697300795268,6.57731154205652,7.49457192728511,9.15031644316299,15.7325851421273
Zimbabwe,ZWE,"Inflation, consumer prices (annual %)",FP.CPI.TOTL.ZG,,,,,,,,,,3.02267002518892,3.46612972817488,3.72532666110647,1.63495041543823,-0.197784810126586,-2.43096842383406,-1.54366960054164,0.893962316050074,10.6188658669575,,
