Province,year,age_inf,rate,rate_CI_lower,rate_CI_upper,disease_type,hospitalisation,popul_denom,age
Base,2011-2016,0,7042.2,5278.5,8785.4,SARI,TRUE,100000,0m
Base,2011-2016,1,7071.8,6117.7,8045.8,SARI,TRUE,100000,1m
Base,2011-2016,2,5027.3,4190.4,5925.5,SARI,TRUE,100000,2m
Base,2011-2016,3,4458.4,3613.2,5345.8,SARI,TRUE,100000,3m
Base,2011-2016,4,4232.5,3287.9,5243.6,SARI,TRUE,100000,4m
Base,2011-2016,5,2694.6,2004.3,3524.9,SARI,TRUE,100000,5m
Base,2011-2016,6,2939.6,2201.6,3695.6,SARI,TRUE,100000,6m
Base,2011-2016,7,1987.7,1337.9,2697.1,SARI,TRUE,100000,7m
Base,2011-2016,8,1338.1,836,1814.5,SARI,TRUE,100000,8m
Base,2011-2016,9,1128.3,641.8,1723.5,SARI,TRUE,100000,9m
Base,2011-2016,10,1109.9,653.5,1629.2,SARI,TRUE,100000,10m
Base,2011-2016,11,1036,599.3,1541.4,SARI,TRUE,100000,11m
Base,2011-2016,12,715.1,522,946.2,SARI,TRUE,100000,12-14m
Base,2011-2016,13,715.1,522,946.2,SARI,TRUE,100000,12-14m
Base,2011-2016,14,715.1,522,946.2,SARI,TRUE,100000,12-14m
Base,2011-2016,15,500,337.8,670.5,SARI,TRUE,100000,15-17m
Base,2011-2016,16,500,337.8,670.5,SARI,TRUE,100000,15-17m
Base,2011-2016,17,500,337.8,670.5,SARI,TRUE,100000,15-17m
Base,2011-2016,18,362.4,204,535.5,SARI,TRUE,100000,18-20m
Base,2011-2016,19,362.4,204,535.5,SARI,TRUE,100000,18-20m
Base,2011-2016,20,362.4,204,535.5,SARI,TRUE,100000,18-20m
Base,2011-2016,21,501.4,231.6,809.8,SARI,TRUE,100000,21-23m
Base,2011-2016,22,501.4,231.6,809.8,SARI,TRUE,100000,21-23m
Base,2011-2016,23,501.4,231.6,809.8,SARI,TRUE,100000,21-23m
Base,2011-2016,24,123.3,83.9,167.8,SARI,TRUE,100000,24-35m
Base,2011-2016,25,123.3,83.9,167.8,SARI,TRUE,100000,24-35m
Base,2011-2016,26,123.3,83.9,167.8,SARI,TRUE,100000,24-35m
Base,2011-2016,27,123.3,83.9,167.8,SARI,TRUE,100000,24-35m
Base,2011-2016,28,123.3,83.9,167.8,SARI,TRUE,100000,24-35m
Base,2011-2016,29,123.3,83.9,167.8,SARI,TRUE,100000,24-35m
Base,2011-2016,30,123.3,83.9,167.8,SARI,TRUE,100000,24-35m
Base,2011-2016,31,123.3,83.9,167.8,SARI,TRUE,100000,24-35m
Base,2011-2016,32,123.3,83.9,167.8,SARI,TRUE,100000,24-35m
Base,2011-2016,33,123.3,83.9,167.8,SARI,TRUE,100000,24-35m
Base,2011-2016,34,123.3,83.9,167.8,SARI,TRUE,100000,24-35m
Base,2011-2016,35,123.3,83.9,167.8,SARI,TRUE,100000,24-35m
Base,2011-2016,36,60.1,28,99.1,SARI,TRUE,100000,36-47m
Base,2011-2016,37,60.1,28,99.1,SARI,TRUE,100000,36-47m
Base,2011-2016,38,60.1,28,99.1,SARI,TRUE,100000,36-47m
Base,2011-2016,39,60.1,28,99.1,SARI,TRUE,100000,36-47m
Base,2011-2016,40,60.1,28,99.1,SARI,TRUE,100000,36-47m
Base,2011-2016,41,60.1,28,99.1,SARI,TRUE,100000,36-47m
Base,2011-2016,42,60.1,28,99.1,SARI,TRUE,100000,36-47m
Base,2011-2016,43,60.1,28,99.1,SARI,TRUE,100000,36-47m
Base,2011-2016,44,60.1,28,99.1,SARI,TRUE,100000,36-47m
Base,2011-2016,45,60.1,28,99.1,SARI,TRUE,100000,36-47m
Base,2011-2016,46,60.1,28,99.1,SARI,TRUE,100000,36-47m
Base,2011-2016,47,60.1,28,99.1,SARI,TRUE,100000,36-47m
Base,2011-2016,48,61.8,28.5,100.6,SARI,TRUE,100000,48-59m
Base,2011-2016,49,61.8,28.5,100.6,SARI,TRUE,100000,48-59m
Base,2011-2016,50,61.8,28.5,100.6,SARI,TRUE,100000,48-59m
Base,2011-2016,51,61.8,28.5,100.6,SARI,TRUE,100000,48-59m
Base,2011-2016,52,61.8,28.5,100.6,SARI,TRUE,100000,48-59m
Base,2011-2016,53,61.8,28.5,100.6,SARI,TRUE,100000,48-59m
Base,2011-2016,54,61.8,28.5,100.6,SARI,TRUE,100000,48-59m
Base,2011-2016,55,61.8,28.5,100.6,SARI,TRUE,100000,48-59m
Base,2011-2016,56,61.8,28.5,100.6,SARI,TRUE,100000,48-59m
Base,2011-2016,57,61.8,28.5,100.6,SARI,TRUE,100000,48-59m
Base,2011-2016,58,61.8,28.5,100.6,SARI,TRUE,100000,48-59m
Base,2011-2016,59,61.8,28.5,100.6,SARI,TRUE,100000,48-59m
Gauteng,2011-2016,0,6347.5,4679.1,7956,SARI,TRUE,100000,0m
Gauteng,2011-2016,1,6374.2,5440.8,7352.5,SARI,TRUE,100000,1m
Gauteng,2011-2016,2,4531.4,3694.9,5329.8,SARI,TRUE,100000,2m
Gauteng,2011-2016,3,4018.6,3226.4,4866.5,SARI,TRUE,100000,3m
Gauteng,2011-2016,4,3814.9,2935.8,4758.4,SARI,TRUE,100000,4m
Gauteng,2011-2016,5,2428.8,1785.1,3173.6,SARI,TRUE,100000,5m
Gauteng,2011-2016,6,2649.6,1960.1,3385.8,SARI,TRUE,100000,6m
Gauteng,2011-2016,7,1791.6,1185.7,2437.4,SARI,TRUE,100000,7m
Gauteng,2011-2016,8,1206.1,748.2,1643.4,SARI,TRUE,100000,8m
Gauteng,2011-2016,9,1017,582.9,1552.1,SARI,TRUE,100000,9m
Gauteng,2011-2016,10,1000.4,585.7,1461.4,SARI,TRUE,100000,10m
Gauteng,2011-2016,11,933.8,538.8,1394.4,SARI,TRUE,100000,11m
Gauteng,2011-2016,12,633.5,455.9,841,SARI,TRUE,100000,12-14m
Gauteng,2011-2016,13,633.5,455.9,841,SARI,TRUE,100000,12-14m
Gauteng,2011-2016,14,633.5,455.9,841,SARI,TRUE,100000,12-14m
Gauteng,2011-2016,15,443,297.5,604.4,SARI,TRUE,100000,15-17m
Gauteng,2011-2016,16,443,297.5,604.4,SARI,TRUE,100000,15-17m
Gauteng,2011-2016,17,443,297.5,604.4,SARI,TRUE,100000,15-17m
Gauteng,2011-2016,18,321,180.8,478.2,SARI,TRUE,100000,18-20m
Gauteng,2011-2016,19,321,180.8,478.2,SARI,TRUE,100000,18-20m
Gauteng,2011-2016,20,321,180.8,478.2,SARI,TRUE,100000,18-20m
Gauteng,2011-2016,21,444.2,206.6,708.8,SARI,TRUE,100000,21-23m
Gauteng,2011-2016,22,444.2,206.6,708.8,SARI,TRUE,100000,21-23m
Gauteng,2011-2016,23,444.2,206.6,708.8,SARI,TRUE,100000,21-23m
Gauteng,2011-2016,24,107.6,73.6,146.8,SARI,TRUE,100000,24-35m
Gauteng,2011-2016,25,107.6,73.6,146.8,SARI,TRUE,100000,24-35m
Gauteng,2011-2016,26,107.6,73.6,146.8,SARI,TRUE,100000,24-35m
Gauteng,2011-2016,27,107.6,73.6,146.8,SARI,TRUE,100000,24-35m
Gauteng,2011-2016,28,107.6,73.6,146.8,SARI,TRUE,100000,24-35m
Gauteng,2011-2016,29,107.6,73.6,146.8,SARI,TRUE,100000,24-35m
Gauteng,2011-2016,30,107.6,73.6,146.8,SARI,TRUE,100000,24-35m
Gauteng,2011-2016,31,107.6,73.6,146.8,SARI,TRUE,100000,24-35m
Gauteng,2011-2016,32,107.6,73.6,146.8,SARI,TRUE,100000,24-35m
Gauteng,2011-2016,33,107.6,73.6,146.8,SARI,TRUE,100000,24-35m
Gauteng,2011-2016,34,107.6,73.6,146.8,SARI,TRUE,100000,24-35m
Gauteng,2011-2016,35,107.6,73.6,146.8,SARI,TRUE,100000,24-35m
Gauteng,2011-2016,36,53.4,25.1,87.8,SARI,TRUE,100000,36-47m
Gauteng,2011-2016,37,53.4,25.1,87.8,SARI,TRUE,100000,36-47m
Gauteng,2011-2016,38,53.4,25.1,87.8,SARI,TRUE,100000,36-47m
Gauteng,2011-2016,39,53.4,25.1,87.8,SARI,TRUE,100000,36-47m
Gauteng,2011-2016,40,53.4,25.1,87.8,SARI,TRUE,100000,36-47m
Gauteng,2011-2016,41,53.4,25.1,87.8,SARI,TRUE,100000,36-47m
Gauteng,2011-2016,42,53.4,25.1,87.8,SARI,TRUE,100000,36-47m
Gauteng,2011-2016,43,53.4,25.1,87.8,SARI,TRUE,100000,36-47m
Gauteng,2011-2016,44,53.4,25.1,87.8,SARI,TRUE,100000,36-47m
Gauteng,2011-2016,45,53.4,25.1,87.8,SARI,TRUE,100000,36-47m
Gauteng,2011-2016,46,53.4,25.1,87.8,SARI,TRUE,100000,36-47m
Gauteng,2011-2016,47,53.4,25.1,87.8,SARI,TRUE,100000,36-47m
Gauteng,2011-2016,48,54.6,25.5,88.1,SARI,TRUE,100000,48-59m
Gauteng,2011-2016,49,54.6,25.5,88.1,SARI,TRUE,100000,48-59m
Gauteng,2011-2016,50,54.6,25.5,88.1,SARI,TRUE,100000,48-59m
Gauteng,2011-2016,51,54.6,25.5,88.1,SARI,TRUE,100000,48-59m
Gauteng,2011-2016,52,54.6,25.5,88.1,SARI,TRUE,100000,48-59m
Gauteng,2011-2016,53,54.6,25.5,88.1,SARI,TRUE,100000,48-59m
Gauteng,2011-2016,54,54.6,25.5,88.1,SARI,TRUE,100000,48-59m
Gauteng,2011-2016,55,54.6,25.5,88.1,SARI,TRUE,100000,48-59m
Gauteng,2011-2016,56,54.6,25.5,88.1,SARI,TRUE,100000,48-59m
Gauteng,2011-2016,57,54.6,25.5,88.1,SARI,TRUE,100000,48-59m
Gauteng,2011-2016,58,54.6,25.5,88.1,SARI,TRUE,100000,48-59m
Gauteng,2011-2016,59,54.6,25.5,88.1,SARI,TRUE,100000,48-59m
Free State,2011-2016,0,6090.2,4456.4,7669,SARI,TRUE,100000,0m
Free State,2011-2016,1,6115.7,5222.9,7072.4,SARI,TRUE,100000,1m
Free State,2011-2016,2,4347.7,3536.1,5170.5,SARI,TRUE,100000,2m
Free State,2011-2016,3,3855.6,3040.9,4684.2,SARI,TRUE,100000,3m
Free State,2011-2016,4,3660.2,2796.1,4565.5,SARI,TRUE,100000,4m
Free State,2011-2016,5,2330.3,1717.1,3051.6,SARI,TRUE,100000,5m
Free State,2011-2016,6,2542.2,1896.8,3241.5,SARI,TRUE,100000,6m
Free State,2011-2016,7,1719,1146.6,2343.1,SARI,TRUE,100000,7m
Free State,2011-2016,8,1157.2,722.3,1572.1,SARI,TRUE,100000,8m
Free State,2011-2016,9,975.7,562.1,1483.9,SARI,TRUE,100000,9m
Free State,2011-2016,10,959.8,568.7,1459.1,SARI,TRUE,100000,10m
Free State,2011-2016,11,895.9,519.8,1335.7,SARI,TRUE,100000,11m
Free State,2011-2016,12,615.8,444.1,823.9,SARI,TRUE,100000,12-14m
Free State,2011-2016,13,615.8,444.1,823.9,SARI,TRUE,100000,12-14m
Free State,2011-2016,14,615.8,444.1,823.9,SARI,TRUE,100000,12-14m
Free State,2011-2016,15,430.6,286.4,581.9,SARI,TRUE,100000,15-17m
Free State,2011-2016,16,430.6,286.4,581.9,SARI,TRUE,100000,15-17m
Free State,2011-2016,17,430.6,286.4,581.9,SARI,TRUE,100000,15-17m
Free State,2011-2016,18,312.1,175.3,459,SARI,TRUE,100000,18-20m
Free State,2011-2016,19,312.1,175.3,459,SARI,TRUE,100000,18-20m
Free State,2011-2016,20,312.1,175.3,459,SARI,TRUE,100000,18-20m
Free State,2011-2016,21,431.8,198.8,697.1,SARI,TRUE,100000,21-23m
Free State,2011-2016,22,431.8,198.8,697.1,SARI,TRUE,100000,21-23m
Free State,2011-2016,23,431.8,198.8,697.1,SARI,TRUE,100000,21-23m
Free State,2011-2016,24,105.1,72.4,143.9,SARI,TRUE,100000,24-35m
Free State,2011-2016,25,105.1,72.4,143.9,SARI,TRUE,100000,24-35m
Free State,2011-2016,26,105.1,72.4,143.9,SARI,TRUE,100000,24-35m
Free State,2011-2016,27,105.1,72.4,143.9,SARI,TRUE,100000,24-35m
Free State,2011-2016,28,105.1,72.4,143.9,SARI,TRUE,100000,24-35m
Free State,2011-2016,29,105.1,72.4,143.9,SARI,TRUE,100000,24-35m
Free State,2011-2016,30,105.1,72.4,143.9,SARI,TRUE,100000,24-35m
Free State,2011-2016,31,105.1,72.4,143.9,SARI,TRUE,100000,24-35m
Free State,2011-2016,32,105.1,72.4,143.9,SARI,TRUE,100000,24-35m
Free State,2011-2016,33,105.1,72.4,143.9,SARI,TRUE,100000,24-35m
Free State,2011-2016,34,105.1,72.4,143.9,SARI,TRUE,100000,24-35m
Free State,2011-2016,35,105.1,72.4,143.9,SARI,TRUE,100000,24-35m
Free State,2011-2016,36,51.9,23.8,85.4,SARI,TRUE,100000,36-47m
Free State,2011-2016,37,51.9,23.8,85.4,SARI,TRUE,100000,36-47m
Free State,2011-2016,38,51.9,23.8,85.4,SARI,TRUE,100000,36-47m
Free State,2011-2016,39,51.9,23.8,85.4,SARI,TRUE,100000,36-47m
Free State,2011-2016,40,51.9,23.8,85.4,SARI,TRUE,100000,36-47m
Free State,2011-2016,41,51.9,23.8,85.4,SARI,TRUE,100000,36-47m
Free State,2011-2016,42,51.9,23.8,85.4,SARI,TRUE,100000,36-47m
Free State,2011-2016,43,51.9,23.8,85.4,SARI,TRUE,100000,36-47m
Free State,2011-2016,44,51.9,23.8,85.4,SARI,TRUE,100000,36-47m
Free State,2011-2016,45,51.9,23.8,85.4,SARI,TRUE,100000,36-47m
Free State,2011-2016,46,51.9,23.8,85.4,SARI,TRUE,100000,36-47m
Free State,2011-2016,47,51.9,23.8,85.4,SARI,TRUE,100000,36-47m
Free State,2011-2016,48,52.9,24,86.5,SARI,TRUE,100000,48-59m
Free State,2011-2016,49,52.9,24,86.5,SARI,TRUE,100000,48-59m
Free State,2011-2016,50,52.9,24,86.5,SARI,TRUE,100000,48-59m
Free State,2011-2016,51,52.9,24,86.5,SARI,TRUE,100000,48-59m
Free State,2011-2016,52,52.9,24,86.5,SARI,TRUE,100000,48-59m
Free State,2011-2016,53,52.9,24,86.5,SARI,TRUE,100000,48-59m
Free State,2011-2016,54,52.9,24,86.5,SARI,TRUE,100000,48-59m
Free State,2011-2016,55,52.9,24,86.5,SARI,TRUE,100000,48-59m
Free State,2011-2016,56,52.9,24,86.5,SARI,TRUE,100000,48-59m
Free State,2011-2016,57,52.9,24,86.5,SARI,TRUE,100000,48-59m
Free State,2011-2016,58,52.9,24,86.5,SARI,TRUE,100000,48-59m
Free State,2011-2016,59,52.9,24,86.5,SARI,TRUE,100000,48-59m
Western Cape,2011-2016,0,6906.3,5211.5,8689.3,SARI,TRUE,100000,0m
Western Cape,2011-2016,1,6935.2,5941.8,7970.7,SARI,TRUE,100000,1m
Western Cape,2011-2016,2,4930.3,4066.1,5841.9,SARI,TRUE,100000,2m
Western Cape,2011-2016,3,4372.3,3491.9,5254,SARI,TRUE,100000,3m
Western Cape,2011-2016,4,4150.7,3164.5,5235.8,SARI,TRUE,100000,4m
Western Cape,2011-2016,5,2642.6,1916.1,3475.5,SARI,TRUE,100000,5m
Western Cape,2011-2016,6,2882.8,2132.2,3680.7,SARI,TRUE,100000,6m
Western Cape,2011-2016,7,1949.3,1298.8,2634.9,SARI,TRUE,100000,7m
Western Cape,2011-2016,8,1312.2,819.1,1791.4,SARI,TRUE,100000,8m
Western Cape,2011-2016,9,1106.5,627.8,1672.8,SARI,TRUE,100000,9m
Western Cape,2011-2016,10,1088.5,634.1,1607.9,SARI,TRUE,100000,10m
Western Cape,2011-2016,11,1016,591,1517,SARI,TRUE,100000,11m
Western Cape,2011-2016,12,679.5,487.9,913.3,SARI,TRUE,100000,12-14m
Western Cape,2011-2016,13,679.5,487.9,913.3,SARI,TRUE,100000,12-14m
Western Cape,2011-2016,14,679.5,487.9,913.3,SARI,TRUE,100000,12-14m
Western Cape,2011-2016,15,475.1,317.5,639.3,SARI,TRUE,100000,15-17m
Western Cape,2011-2016,16,475.1,317.5,639.3,SARI,TRUE,100000,15-17m
Western Cape,2011-2016,17,475.1,317.5,639.3,SARI,TRUE,100000,15-17m
Western Cape,2011-2016,18,344.3,191.5,510.3,SARI,TRUE,100000,18-20m
Western Cape,2011-2016,19,344.3,191.5,510.3,SARI,TRUE,100000,18-20m
Western Cape,2011-2016,20,344.3,191.5,510.3,SARI,TRUE,100000,18-20m
Western Cape,2011-2016,21,476.5,221.3,769.8,SARI,TRUE,100000,21-23m
Western Cape,2011-2016,22,476.5,221.3,769.8,SARI,TRUE,100000,21-23m
Western Cape,2011-2016,23,476.5,221.3,769.8,SARI,TRUE,100000,21-23m
Western Cape,2011-2016,24,114.6,78.1,157,SARI,TRUE,100000,24-35m
Western Cape,2011-2016,25,114.6,78.1,157,SARI,TRUE,100000,24-35m
Western Cape,2011-2016,26,114.6,78.1,157,SARI,TRUE,100000,24-35m
Western Cape,2011-2016,27,114.6,78.1,157,SARI,TRUE,100000,24-35m
Western Cape,2011-2016,28,114.6,78.1,157,SARI,TRUE,100000,24-35m
Western Cape,2011-2016,29,114.6,78.1,157,SARI,TRUE,100000,24-35m
Western Cape,2011-2016,30,114.6,78.1,157,SARI,TRUE,100000,24-35m
Western Cape,2011-2016,31,114.6,78.1,157,SARI,TRUE,100000,24-35m
Western Cape,2011-2016,32,114.6,78.1,157,SARI,TRUE,100000,24-35m
Western Cape,2011-2016,33,114.6,78.1,157,SARI,TRUE,100000,24-35m
Western Cape,2011-2016,34,114.6,78.1,157,SARI,TRUE,100000,24-35m
Western Cape,2011-2016,35,114.6,78.1,157,SARI,TRUE,100000,24-35m
Western Cape,2011-2016,36,56.1,26.2,92.9,SARI,TRUE,100000,36-47m
Western Cape,2011-2016,37,56.1,26.2,92.9,SARI,TRUE,100000,36-47m
Western Cape,2011-2016,38,56.1,26.2,92.9,SARI,TRUE,100000,36-47m
Western Cape,2011-2016,39,56.1,26.2,92.9,SARI,TRUE,100000,36-47m
Western Cape,2011-2016,40,56.1,26.2,92.9,SARI,TRUE,100000,36-47m
Western Cape,2011-2016,41,56.1,26.2,92.9,SARI,TRUE,100000,36-47m
Western Cape,2011-2016,42,56.1,26.2,92.9,SARI,TRUE,100000,36-47m
Western Cape,2011-2016,43,56.1,26.2,92.9,SARI,TRUE,100000,36-47m
Western Cape,2011-2016,44,56.1,26.2,92.9,SARI,TRUE,100000,36-47m
Western Cape,2011-2016,45,56.1,26.2,92.9,SARI,TRUE,100000,36-47m
Western Cape,2011-2016,46,56.1,26.2,92.9,SARI,TRUE,100000,36-47m
Western Cape,2011-2016,47,56.1,26.2,92.9,SARI,TRUE,100000,36-47m
Western Cape,2011-2016,48,56.9,26.3,92.4,SARI,TRUE,100000,48-59m
Western Cape,2011-2016,49,56.9,26.3,92.4,SARI,TRUE,100000,48-59m
Western Cape,2011-2016,50,56.9,26.3,92.4,SARI,TRUE,100000,48-59m
Western Cape,2011-2016,51,56.9,26.3,92.4,SARI,TRUE,100000,48-59m
Western Cape,2011-2016,52,56.9,26.3,92.4,SARI,TRUE,100000,48-59m
Western Cape,2011-2016,53,56.9,26.3,92.4,SARI,TRUE,100000,48-59m
Western Cape,2011-2016,54,56.9,26.3,92.4,SARI,TRUE,100000,48-59m
Western Cape,2011-2016,55,56.9,26.3,92.4,SARI,TRUE,100000,48-59m
Western Cape,2011-2016,56,56.9,26.3,92.4,SARI,TRUE,100000,48-59m
Western Cape,2011-2016,57,56.9,26.3,92.4,SARI,TRUE,100000,48-59m
Western Cape,2011-2016,58,56.9,26.3,92.4,SARI,TRUE,100000,48-59m
Western Cape,2011-2016,59,56.9,26.3,92.4,SARI,TRUE,100000,48-59m
Eastern Cape,2011-2016,0,6462.2,4857.9,8098.3,SARI,TRUE,100000,0m
Eastern Cape,2011-2016,1,6489.3,5539.9,7503.8,SARI,TRUE,100000,1m
Eastern Cape,2011-2016,2,4613.2,3763.9,5548.3,SARI,TRUE,100000,2m
Eastern Cape,2011-2016,3,4091.2,3287,4935,SARI,TRUE,100000,3m
Eastern Cape,2011-2016,4,3883.8,3025.3,4847.9,SARI,TRUE,100000,4m
Eastern Cape,2011-2016,5,2472.6,1818.8,3253.9,SARI,TRUE,100000,5m
Eastern Cape,2011-2016,6,2697.5,2018.6,3466,SARI,TRUE,100000,6m
Eastern Cape,2011-2016,7,1824,1203.2,2481.8,SARI,TRUE,100000,7m
Eastern Cape,2011-2016,8,1227.8,771.8,1689.6,SARI,TRUE,100000,8m
Eastern Cape,2011-2016,9,1035.3,587.4,1573.2,SARI,TRUE,100000,9m
Eastern Cape,2011-2016,10,1018.5,589.1,1507.1,SARI,TRUE,100000,10m
Eastern Cape,2011-2016,11,950.6,546.7,1441.4,SARI,TRUE,100000,11m
Eastern Cape,2011-2016,12,653.1,473.7,875.6,SARI,TRUE,100000,12-14m
Eastern Cape,2011-2016,13,653.1,473.7,875.6,SARI,TRUE,100000,12-14m
Eastern Cape,2011-2016,14,653.1,473.7,875.6,SARI,TRUE,100000,12-14m
Eastern Cape,2011-2016,15,456.7,303,620.9,SARI,TRUE,100000,15-17m
Eastern Cape,2011-2016,16,456.7,303,620.9,SARI,TRUE,100000,15-17m
Eastern Cape,2011-2016,17,456.7,303,620.9,SARI,TRUE,100000,15-17m
Eastern Cape,2011-2016,18,331,186.1,496.5,SARI,TRUE,100000,18-20m
Eastern Cape,2011-2016,19,331,186.1,496.5,SARI,TRUE,100000,18-20m
Eastern Cape,2011-2016,20,331,186.1,496.5,SARI,TRUE,100000,18-20m
Eastern Cape,2011-2016,21,458,210.3,742.2,SARI,TRUE,100000,21-23m
Eastern Cape,2011-2016,22,458,210.3,742.2,SARI,TRUE,100000,21-23m
Eastern Cape,2011-2016,23,458,210.3,742.2,SARI,TRUE,100000,21-23m
Eastern Cape,2011-2016,24,111.2,75.4,152.1,SARI,TRUE,100000,24-35m
Eastern Cape,2011-2016,25,111.2,75.4,152.1,SARI,TRUE,100000,24-35m
Eastern Cape,2011-2016,26,111.2,75.4,152.1,SARI,TRUE,100000,24-35m
Eastern Cape,2011-2016,27,111.2,75.4,152.1,SARI,TRUE,100000,24-35m
Eastern Cape,2011-2016,28,111.2,75.4,152.1,SARI,TRUE,100000,24-35m
Eastern Cape,2011-2016,29,111.2,75.4,152.1,SARI,TRUE,100000,24-35m
Eastern Cape,2011-2016,30,111.2,75.4,152.1,SARI,TRUE,100000,24-35m
Eastern Cape,2011-2016,31,111.2,75.4,152.1,SARI,TRUE,100000,24-35m
Eastern Cape,2011-2016,32,111.2,75.4,152.1,SARI,TRUE,100000,24-35m
Eastern Cape,2011-2016,33,111.2,75.4,152.1,SARI,TRUE,100000,24-35m
Eastern Cape,2011-2016,34,111.2,75.4,152.1,SARI,TRUE,100000,24-35m
Eastern Cape,2011-2016,35,111.2,75.4,152.1,SARI,TRUE,100000,24-35m
Eastern Cape,2011-2016,36,54.7,25,89.9,SARI,TRUE,100000,36-47m
Eastern Cape,2011-2016,37,54.7,25,89.9,SARI,TRUE,100000,36-47m
Eastern Cape,2011-2016,38,54.7,25,89.9,SARI,TRUE,100000,36-47m
Eastern Cape,2011-2016,39,54.7,25,89.9,SARI,TRUE,100000,36-47m
Eastern Cape,2011-2016,40,54.7,25,89.9,SARI,TRUE,100000,36-47m
Eastern Cape,2011-2016,41,54.7,25,89.9,SARI,TRUE,100000,36-47m
Eastern Cape,2011-2016,42,54.7,25,89.9,SARI,TRUE,100000,36-47m
Eastern Cape,2011-2016,43,54.7,25,89.9,SARI,TRUE,100000,36-47m
Eastern Cape,2011-2016,44,54.7,25,89.9,SARI,TRUE,100000,36-47m
Eastern Cape,2011-2016,45,54.7,25,89.9,SARI,TRUE,100000,36-47m
Eastern Cape,2011-2016,46,54.7,25,89.9,SARI,TRUE,100000,36-47m
Eastern Cape,2011-2016,47,54.7,25,89.9,SARI,TRUE,100000,36-47m
Eastern Cape,2011-2016,48,55.7,25.4,91.3,SARI,TRUE,100000,48-59m
Eastern Cape,2011-2016,49,55.7,25.4,91.3,SARI,TRUE,100000,48-59m
Eastern Cape,2011-2016,50,55.7,25.4,91.3,SARI,TRUE,100000,48-59m
Eastern Cape,2011-2016,51,55.7,25.4,91.3,SARI,TRUE,100000,48-59m
Eastern Cape,2011-2016,52,55.7,25.4,91.3,SARI,TRUE,100000,48-59m
Eastern Cape,2011-2016,53,55.7,25.4,91.3,SARI,TRUE,100000,48-59m
Eastern Cape,2011-2016,54,55.7,25.4,91.3,SARI,TRUE,100000,48-59m
Eastern Cape,2011-2016,55,55.7,25.4,91.3,SARI,TRUE,100000,48-59m
Eastern Cape,2011-2016,56,55.7,25.4,91.3,SARI,TRUE,100000,48-59m
Eastern Cape,2011-2016,57,55.7,25.4,91.3,SARI,TRUE,100000,48-59m
Eastern Cape,2011-2016,58,55.7,25.4,91.3,SARI,TRUE,100000,48-59m
Eastern Cape,2011-2016,59,55.7,25.4,91.3,SARI,TRUE,100000,48-59m
Northern Cape,2011-2016,0,7792.9,5777.2,9700.8,SARI,TRUE,100000,0m
Northern Cape,2011-2016,1,7825.6,6626,8992.3,SARI,TRUE,100000,1m
Northern Cape,2011-2016,2,5563.3,4602.1,6581,SARI,TRUE,100000,2m
Northern Cape,2011-2016,3,4933.7,3976.7,5945.1,SARI,TRUE,100000,3m
Northern Cape,2011-2016,4,4683.6,3612.5,5810.9,SARI,TRUE,100000,4m
Northern Cape,2011-2016,5,2981.8,2177.1,3894.8,SARI,TRUE,100000,5m
Northern Cape,2011-2016,6,3252.9,2387,4161.5,SARI,TRUE,100000,6m
Northern Cape,2011-2016,7,2199.6,1476.9,2988.5,SARI,TRUE,100000,7m
Northern Cape,2011-2016,8,1480.7,927.2,2020.2,SARI,TRUE,100000,8m
Northern Cape,2011-2016,9,1248.6,717.8,1900.8,SARI,TRUE,100000,9m
Northern Cape,2011-2016,10,1228.2,722.8,1795.4,SARI,TRUE,100000,10m
Northern Cape,2011-2016,11,1146.4,658.5,1713.9,SARI,TRUE,100000,11m
Northern Cape,2011-2016,12,773.4,562.9,1041.7,SARI,TRUE,100000,12-14m
Northern Cape,2011-2016,13,773.4,562.9,1041.7,SARI,TRUE,100000,12-14m
Northern Cape,2011-2016,14,773.4,562.9,1041.7,SARI,TRUE,100000,12-14m
Northern Cape,2011-2016,15,540.8,358.1,737.6,SARI,TRUE,100000,15-17m
Northern Cape,2011-2016,16,540.8,358.1,737.6,SARI,TRUE,100000,15-17m
Northern Cape,2011-2016,17,540.8,358.1,737.6,SARI,TRUE,100000,15-17m
Northern Cape,2011-2016,18,392,218.1,580.3,SARI,TRUE,100000,18-20m
Northern Cape,2011-2016,19,392,218.1,580.3,SARI,TRUE,100000,18-20m
Northern Cape,2011-2016,20,392,218.1,580.3,SARI,TRUE,100000,18-20m
Northern Cape,2011-2016,21,542.4,247.4,886.2,SARI,TRUE,100000,21-23m
Northern Cape,2011-2016,22,542.4,247.4,886.2,SARI,TRUE,100000,21-23m
Northern Cape,2011-2016,23,542.4,247.4,886.2,SARI,TRUE,100000,21-23m
Northern Cape,2011-2016,24,130.5,89.6,178.9,SARI,TRUE,100000,24-35m
Northern Cape,2011-2016,25,130.5,89.6,178.9,SARI,TRUE,100000,24-35m
Northern Cape,2011-2016,26,130.5,89.6,178.9,SARI,TRUE,100000,24-35m
Northern Cape,2011-2016,27,130.5,89.6,178.9,SARI,TRUE,100000,24-35m
Northern Cape,2011-2016,28,130.5,89.6,178.9,SARI,TRUE,100000,24-35m
Northern Cape,2011-2016,29,130.5,89.6,178.9,SARI,TRUE,100000,24-35m
Northern Cape,2011-2016,30,130.5,89.6,178.9,SARI,TRUE,100000,24-35m
Northern Cape,2011-2016,31,130.5,89.6,178.9,SARI,TRUE,100000,24-35m
Northern Cape,2011-2016,32,130.5,89.6,178.9,SARI,TRUE,100000,24-35m
Northern Cape,2011-2016,33,130.5,89.6,178.9,SARI,TRUE,100000,24-35m
Northern Cape,2011-2016,34,130.5,89.6,178.9,SARI,TRUE,100000,24-35m
Northern Cape,2011-2016,35,130.5,89.6,178.9,SARI,TRUE,100000,24-35m
Northern Cape,2011-2016,36,64.6,30.3,105.9,SARI,TRUE,100000,36-47m
Northern Cape,2011-2016,37,64.6,30.3,105.9,SARI,TRUE,100000,36-47m
Northern Cape,2011-2016,38,64.6,30.3,105.9,SARI,TRUE,100000,36-47m
Northern Cape,2011-2016,39,64.6,30.3,105.9,SARI,TRUE,100000,36-47m
Northern Cape,2011-2016,40,64.6,30.3,105.9,SARI,TRUE,100000,36-47m
Northern Cape,2011-2016,41,64.6,30.3,105.9,SARI,TRUE,100000,36-47m
Northern Cape,2011-2016,42,64.6,30.3,105.9,SARI,TRUE,100000,36-47m
Northern Cape,2011-2016,43,64.6,30.3,105.9,SARI,TRUE,100000,36-47m
Northern Cape,2011-2016,44,64.6,30.3,105.9,SARI,TRUE,100000,36-47m
Northern Cape,2011-2016,45,64.6,30.3,105.9,SARI,TRUE,100000,36-47m
Northern Cape,2011-2016,46,64.6,30.3,105.9,SARI,TRUE,100000,36-47m
Northern Cape,2011-2016,47,64.6,30.3,105.9,SARI,TRUE,100000,36-47m
Northern Cape,2011-2016,48,66,30.5,107.3,SARI,TRUE,100000,48-59m
Northern Cape,2011-2016,49,66,30.5,107.3,SARI,TRUE,100000,48-59m
Northern Cape,2011-2016,50,66,30.5,107.3,SARI,TRUE,100000,48-59m
Northern Cape,2011-2016,51,66,30.5,107.3,SARI,TRUE,100000,48-59m
Northern Cape,2011-2016,52,66,30.5,107.3,SARI,TRUE,100000,48-59m
Northern Cape,2011-2016,53,66,30.5,107.3,SARI,TRUE,100000,48-59m
Northern Cape,2011-2016,54,66,30.5,107.3,SARI,TRUE,100000,48-59m
Northern Cape,2011-2016,55,66,30.5,107.3,SARI,TRUE,100000,48-59m
Northern Cape,2011-2016,56,66,30.5,107.3,SARI,TRUE,100000,48-59m
Northern Cape,2011-2016,57,66,30.5,107.3,SARI,TRUE,100000,48-59m
Northern Cape,2011-2016,58,66,30.5,107.3,SARI,TRUE,100000,48-59m
Northern Cape,2011-2016,59,66,30.5,107.3,SARI,TRUE,100000,48-59m
Limpopo,2011-2016,0,6774.8,5006.1,8528.8,SARI,TRUE,100000,0m
Limpopo,2011-2016,1,6803.2,5808.9,7821,SARI,TRUE,100000,1m
Limpopo,2011-2016,2,4836.4,3973.8,5726.7,SARI,TRUE,100000,2m
Limpopo,2011-2016,3,4289.1,3405.9,5170.3,SARI,TRUE,100000,3m
Limpopo,2011-2016,4,4071.7,3170.6,5056.9,SARI,TRUE,100000,4m
Limpopo,2011-2016,5,2592.3,1911.6,3352.9,SARI,TRUE,100000,5m
Limpopo,2011-2016,6,2827.9,2088.9,3588.4,SARI,TRUE,100000,6m
Limpopo,2011-2016,7,1912.2,1277.5,2593.2,SARI,TRUE,100000,7m
Limpopo,2011-2016,8,1287.2,802,1764.2,SARI,TRUE,100000,8m
Limpopo,2011-2016,9,1085.4,624.2,1655.7,SARI,TRUE,100000,9m
Limpopo,2011-2016,10,1067.7,628.8,1588.5,SARI,TRUE,100000,10m
Limpopo,2011-2016,11,996.6,563.8,1481.6,SARI,TRUE,100000,11m
Limpopo,2011-2016,12,674.5,491.3,894.3,SARI,TRUE,100000,12-14m
Limpopo,2011-2016,13,674.5,491.3,894.3,SARI,TRUE,100000,12-14m
Limpopo,2011-2016,14,674.5,491.3,894.3,SARI,TRUE,100000,12-14m
Limpopo,2011-2016,15,471.6,310.7,643.3,SARI,TRUE,100000,15-17m
Limpopo,2011-2016,16,471.6,310.7,643.3,SARI,TRUE,100000,15-17m
Limpopo,2011-2016,17,471.6,310.7,643.3,SARI,TRUE,100000,15-17m
Limpopo,2011-2016,18,341.8,191.5,503.8,SARI,TRUE,100000,18-20m
Limpopo,2011-2016,19,341.8,191.5,503.8,SARI,TRUE,100000,18-20m
Limpopo,2011-2016,20,341.8,191.5,503.8,SARI,TRUE,100000,18-20m
Limpopo,2011-2016,21,473,212.1,761.7,SARI,TRUE,100000,21-23m
Limpopo,2011-2016,22,473,212.1,761.7,SARI,TRUE,100000,21-23m
Limpopo,2011-2016,23,473,212.1,761.7,SARI,TRUE,100000,21-23m
Limpopo,2011-2016,24,114.4,78.9,155.6,SARI,TRUE,100000,24-35m
Limpopo,2011-2016,25,114.4,78.9,155.6,SARI,TRUE,100000,24-35m
Limpopo,2011-2016,26,114.4,78.9,155.6,SARI,TRUE,100000,24-35m
Limpopo,2011-2016,27,114.4,78.9,155.6,SARI,TRUE,100000,24-35m
Limpopo,2011-2016,28,114.4,78.9,155.6,SARI,TRUE,100000,24-35m
Limpopo,2011-2016,29,114.4,78.9,155.6,SARI,TRUE,100000,24-35m
Limpopo,2011-2016,30,114.4,78.9,155.6,SARI,TRUE,100000,24-35m
Limpopo,2011-2016,31,114.4,78.9,155.6,SARI,TRUE,100000,24-35m
Limpopo,2011-2016,32,114.4,78.9,155.6,SARI,TRUE,100000,24-35m
Limpopo,2011-2016,33,114.4,78.9,155.6,SARI,TRUE,100000,24-35m
Limpopo,2011-2016,34,114.4,78.9,155.6,SARI,TRUE,100000,24-35m
Limpopo,2011-2016,35,114.4,78.9,155.6,SARI,TRUE,100000,24-35m
Limpopo,2011-2016,36,56.3,26,91.6,SARI,TRUE,100000,36-47m
Limpopo,2011-2016,37,56.3,26,91.6,SARI,TRUE,100000,36-47m
Limpopo,2011-2016,38,56.3,26,91.6,SARI,TRUE,100000,36-47m
Limpopo,2011-2016,39,56.3,26,91.6,SARI,TRUE,100000,36-47m
Limpopo,2011-2016,40,56.3,26,91.6,SARI,TRUE,100000,36-47m
Limpopo,2011-2016,41,56.3,26,91.6,SARI,TRUE,100000,36-47m
Limpopo,2011-2016,42,56.3,26,91.6,SARI,TRUE,100000,36-47m
Limpopo,2011-2016,43,56.3,26,91.6,SARI,TRUE,100000,36-47m
Limpopo,2011-2016,44,56.3,26,91.6,SARI,TRUE,100000,36-47m
Limpopo,2011-2016,45,56.3,26,91.6,SARI,TRUE,100000,36-47m
Limpopo,2011-2016,46,56.3,26,91.6,SARI,TRUE,100000,36-47m
Limpopo,2011-2016,47,56.3,26,91.6,SARI,TRUE,100000,36-47m
Limpopo,2011-2016,48,57.4,26.6,92.4,SARI,TRUE,100000,48-59m
Limpopo,2011-2016,49,57.4,26.6,92.4,SARI,TRUE,100000,48-59m
Limpopo,2011-2016,50,57.4,26.6,92.4,SARI,TRUE,100000,48-59m
Limpopo,2011-2016,51,57.4,26.6,92.4,SARI,TRUE,100000,48-59m
Limpopo,2011-2016,52,57.4,26.6,92.4,SARI,TRUE,100000,48-59m
Limpopo,2011-2016,53,57.4,26.6,92.4,SARI,TRUE,100000,48-59m
Limpopo,2011-2016,54,57.4,26.6,92.4,SARI,TRUE,100000,48-59m
Limpopo,2011-2016,55,57.4,26.6,92.4,SARI,TRUE,100000,48-59m
Limpopo,2011-2016,56,57.4,26.6,92.4,SARI,TRUE,100000,48-59m
Limpopo,2011-2016,57,57.4,26.6,92.4,SARI,TRUE,100000,48-59m
Limpopo,2011-2016,58,57.4,26.6,92.4,SARI,TRUE,100000,48-59m
Limpopo,2011-2016,59,57.4,26.6,92.4,SARI,TRUE,100000,48-59m
Mpumalanga,2011-2016,0,7738.2,5697.8,9761.5,SARI,TRUE,100000,0m
Mpumalanga,2011-2016,1,7770.6,6656.1,8921.8,SARI,TRUE,100000,1m
Mpumalanga,2011-2016,2,5524.2,4595.9,6530.6,SARI,TRUE,100000,2m
Mpumalanga,2011-2016,3,4899,3944.7,5928.8,SARI,TRUE,100000,3m
Mpumalanga,2011-2016,4,4650.7,3576.6,5827.5,SARI,TRUE,100000,4m
Mpumalanga,2011-2016,5,2960.9,2220.8,3882.6,SARI,TRUE,100000,5m
Mpumalanga,2011-2016,6,3230.1,2429.4,4092.3,SARI,TRUE,100000,6m
Mpumalanga,2011-2016,7,2184.1,1469.3,2930.3,SARI,TRUE,100000,7m
Mpumalanga,2011-2016,8,1470.3,895.6,2035.2,SARI,TRUE,100000,8m
Mpumalanga,2011-2016,9,1239.8,708.8,1904.8,SARI,TRUE,100000,9m
Mpumalanga,2011-2016,10,1219.6,713.8,1790.4,SARI,TRUE,100000,10m
Mpumalanga,2011-2016,11,1138.3,654.1,1702.2,SARI,TRUE,100000,11m
Mpumalanga,2011-2016,12,786.5,569.3,1048.2,SARI,TRUE,100000,12-14m
Mpumalanga,2011-2016,13,786.5,569.3,1048.2,SARI,TRUE,100000,12-14m
Mpumalanga,2011-2016,14,786.5,569.3,1048.2,SARI,TRUE,100000,12-14m
Mpumalanga,2011-2016,15,550,368,747.3,SARI,TRUE,100000,15-17m
Mpumalanga,2011-2016,16,550,368,747.3,SARI,TRUE,100000,15-17m
Mpumalanga,2011-2016,17,550,368,747.3,SARI,TRUE,100000,15-17m
Mpumalanga,2011-2016,18,398.6,225,588.8,SARI,TRUE,100000,18-20m
Mpumalanga,2011-2016,19,398.6,225,588.8,SARI,TRUE,100000,18-20m
Mpumalanga,2011-2016,20,398.6,225,588.8,SARI,TRUE,100000,18-20m
Mpumalanga,2011-2016,21,551.6,257.9,898.7,SARI,TRUE,100000,21-23m
Mpumalanga,2011-2016,22,551.6,257.9,898.7,SARI,TRUE,100000,21-23m
Mpumalanga,2011-2016,23,551.6,257.9,898.7,SARI,TRUE,100000,21-23m
Mpumalanga,2011-2016,24,134.4,91.9,183.6,SARI,TRUE,100000,24-35m
Mpumalanga,2011-2016,25,134.4,91.9,183.6,SARI,TRUE,100000,24-35m
Mpumalanga,2011-2016,26,134.4,91.9,183.6,SARI,TRUE,100000,24-35m
Mpumalanga,2011-2016,27,134.4,91.9,183.6,SARI,TRUE,100000,24-35m
Mpumalanga,2011-2016,28,134.4,91.9,183.6,SARI,TRUE,100000,24-35m
Mpumalanga,2011-2016,29,134.4,91.9,183.6,SARI,TRUE,100000,24-35m
Mpumalanga,2011-2016,30,134.4,91.9,183.6,SARI,TRUE,100000,24-35m
Mpumalanga,2011-2016,31,134.4,91.9,183.6,SARI,TRUE,100000,24-35m
Mpumalanga,2011-2016,32,134.4,91.9,183.6,SARI,TRUE,100000,24-35m
Mpumalanga,2011-2016,33,134.4,91.9,183.6,SARI,TRUE,100000,24-35m
Mpumalanga,2011-2016,34,134.4,91.9,183.6,SARI,TRUE,100000,24-35m
Mpumalanga,2011-2016,35,134.4,91.9,183.6,SARI,TRUE,100000,24-35m
Mpumalanga,2011-2016,36,66.3,30.8,109.8,SARI,TRUE,100000,36-47m
Mpumalanga,2011-2016,37,66.3,30.8,109.8,SARI,TRUE,100000,36-47m
Mpumalanga,2011-2016,38,66.3,30.8,109.8,SARI,TRUE,100000,36-47m
Mpumalanga,2011-2016,39,66.3,30.8,109.8,SARI,TRUE,100000,36-47m
Mpumalanga,2011-2016,40,66.3,30.8,109.8,SARI,TRUE,100000,36-47m
Mpumalanga,2011-2016,41,66.3,30.8,109.8,SARI,TRUE,100000,36-47m
Mpumalanga,2011-2016,42,66.3,30.8,109.8,SARI,TRUE,100000,36-47m
Mpumalanga,2011-2016,43,66.3,30.8,109.8,SARI,TRUE,100000,36-47m
Mpumalanga,2011-2016,44,66.3,30.8,109.8,SARI,TRUE,100000,36-47m
Mpumalanga,2011-2016,45,66.3,30.8,109.8,SARI,TRUE,100000,36-47m
Mpumalanga,2011-2016,46,66.3,30.8,109.8,SARI,TRUE,100000,36-47m
Mpumalanga,2011-2016,47,66.3,30.8,109.8,SARI,TRUE,100000,36-47m
Mpumalanga,2011-2016,48,67.8,31.3,110.3,SARI,TRUE,100000,48-59m
Mpumalanga,2011-2016,49,67.8,31.3,110.3,SARI,TRUE,100000,48-59m
Mpumalanga,2011-2016,50,67.8,31.3,110.3,SARI,TRUE,100000,48-59m
Mpumalanga,2011-2016,51,67.8,31.3,110.3,SARI,TRUE,100000,48-59m
Mpumalanga,2011-2016,52,67.8,31.3,110.3,SARI,TRUE,100000,48-59m
Mpumalanga,2011-2016,53,67.8,31.3,110.3,SARI,TRUE,100000,48-59m
Mpumalanga,2011-2016,54,67.8,31.3,110.3,SARI,TRUE,100000,48-59m
Mpumalanga,2011-2016,55,67.8,31.3,110.3,SARI,TRUE,100000,48-59m
Mpumalanga,2011-2016,56,67.8,31.3,110.3,SARI,TRUE,100000,48-59m
Mpumalanga,2011-2016,57,67.8,31.3,110.3,SARI,TRUE,100000,48-59m
Mpumalanga,2011-2016,58,67.8,31.3,110.3,SARI,TRUE,100000,48-59m
Mpumalanga,2011-2016,59,67.8,31.3,110.3,SARI,TRUE,100000,48-59m
South Africa,2011-2016,0,6803.7,5065.3,8529,SARI,TRUE,100000,0m
South Africa,2011-2016,1,6831.7,5858.1,7841.9,SARI,TRUE,100000,1m
South Africa,2011-2016,2,4857.4,4003.7,5748.9,SARI,TRUE,100000,2m
South Africa,2011-2016,3,4307.5,3459.4,5191.3,SARI,TRUE,100000,3m
South Africa,2011-2016,4,4089.1,3161.5,5095,SARI,TRUE,100000,4m
South Africa,2011-2016,5,2603.8,1921.5,3405.2,SARI,TRUE,100000,5m
South Africa,2011-2016,6,2839.9,2115.5,3607.7,SARI,TRUE,100000,6m
South Africa,2011-2016,7,1919.7,1282.1,2605,SARI,TRUE,100000,7m
South Africa,2011-2016,8,1292,804.9,1766.1,SARI,TRUE,100000,8m
South Africa,2011-2016,9,1090.6,622.7,1661.7,SARI,TRUE,100000,9m
South Africa,2011-2016,10,1073.5,629.4,1581.2,SARI,TRUE,100000,10m
South Africa,2011-2016,11,1000.3,577.5,1494.5,SARI,TRUE,100000,11m
South Africa,2011-2016,12,684.1,495.7,910.2,SARI,TRUE,100000,12-14m
South Africa,2011-2016,13,684.1,495.7,910.2,SARI,TRUE,100000,12-14m
South Africa,2011-2016,14,684.1,495.7,910.2,SARI,TRUE,100000,12-14m
South Africa,2011-2016,15,478.2,320.2,647,SARI,TRUE,100000,15-17m
South Africa,2011-2016,16,478.2,320.2,647,SARI,TRUE,100000,15-17m
South Africa,2011-2016,17,478.2,320.2,647,SARI,TRUE,100000,15-17m
South Africa,2011-2016,18,347.2,194.9,513.7,SARI,TRUE,100000,18-20m
South Africa,2011-2016,19,347.2,194.9,513.7,SARI,TRUE,100000,18-20m
South Africa,2011-2016,20,347.2,194.9,513.7,SARI,TRUE,100000,18-20m
South Africa,2011-2016,21,480,221.3,774.2,SARI,TRUE,100000,21-23m
South Africa,2011-2016,22,480,221.3,774.2,SARI,TRUE,100000,21-23m
South Africa,2011-2016,23,480,221.3,774.2,SARI,TRUE,100000,21-23m
South Africa,2011-2016,24,116.7,79.9,159.3,SARI,TRUE,100000,24-35m
South Africa,2011-2016,25,116.7,79.9,159.3,SARI,TRUE,100000,24-35m
South Africa,2011-2016,26,116.7,79.9,159.3,SARI,TRUE,100000,24-35m
South Africa,2011-2016,27,116.7,79.9,159.3,SARI,TRUE,100000,24-35m
South Africa,2011-2016,28,116.7,79.9,159.3,SARI,TRUE,100000,24-35m
South Africa,2011-2016,29,116.7,79.9,159.3,SARI,TRUE,100000,24-35m
South Africa,2011-2016,30,116.7,79.9,159.3,SARI,TRUE,100000,24-35m
South Africa,2011-2016,31,116.7,79.9,159.3,SARI,TRUE,100000,24-35m
South Africa,2011-2016,32,116.7,79.9,159.3,SARI,TRUE,100000,24-35m
South Africa,2011-2016,33,116.7,79.9,159.3,SARI,TRUE,100000,24-35m
South Africa,2011-2016,34,116.7,79.9,159.3,SARI,TRUE,100000,24-35m
South Africa,2011-2016,35,116.7,79.9,159.3,SARI,TRUE,100000,24-35m
South Africa,2011-2016,36,57.3,26.7,94.4,SARI,TRUE,100000,36-47m
South Africa,2011-2016,37,57.3,26.7,94.4,SARI,TRUE,100000,36-47m
South Africa,2011-2016,38,57.3,26.7,94.4,SARI,TRUE,100000,36-47m
South Africa,2011-2016,39,57.3,26.7,94.4,SARI,TRUE,100000,36-47m
South Africa,2011-2016,40,57.3,26.7,94.4,SARI,TRUE,100000,36-47m
South Africa,2011-2016,41,57.3,26.7,94.4,SARI,TRUE,100000,36-47m
South Africa,2011-2016,42,57.3,26.7,94.4,SARI,TRUE,100000,36-47m
South Africa,2011-2016,43,57.3,26.7,94.4,SARI,TRUE,100000,36-47m
South Africa,2011-2016,44,57.3,26.7,94.4,SARI,TRUE,100000,36-47m
South Africa,2011-2016,45,57.3,26.7,94.4,SARI,TRUE,100000,36-47m
South Africa,2011-2016,46,57.3,26.7,94.4,SARI,TRUE,100000,36-47m
South Africa,2011-2016,47,57.3,26.7,94.4,SARI,TRUE,100000,36-47m
South Africa,2011-2016,48,58.7,27.1,95.3,SARI,TRUE,100000,48-59m
South Africa,2011-2016,49,58.7,27.1,95.3,SARI,TRUE,100000,48-59m
South Africa,2011-2016,50,58.7,27.1,95.3,SARI,TRUE,100000,48-59m
South Africa,2011-2016,51,58.7,27.1,95.3,SARI,TRUE,100000,48-59m
South Africa,2011-2016,52,58.7,27.1,95.3,SARI,TRUE,100000,48-59m
South Africa,2011-2016,53,58.7,27.1,95.3,SARI,TRUE,100000,48-59m
South Africa,2011-2016,54,58.7,27.1,95.3,SARI,TRUE,100000,48-59m
South Africa,2011-2016,55,58.7,27.1,95.3,SARI,TRUE,100000,48-59m
South Africa,2011-2016,56,58.7,27.1,95.3,SARI,TRUE,100000,48-59m
South Africa,2011-2016,57,58.7,27.1,95.3,SARI,TRUE,100000,48-59m
South Africa,2011-2016,58,58.7,27.1,95.3,SARI,TRUE,100000,48-59m
South Africa,2011-2016,59,58.7,27.1,95.3,SARI,TRUE,100000,48-59m
Base,2011-2016,0,7613.4,4998.6,10651.5,SARI,FALSE,100000,0m
Base,2011-2016,1,7642.6,5739.8,10181.4,SARI,FALSE,100000,1m
Base,2011-2016,2,5437,4025.2,7270,SARI,FALSE,100000,2m
Base,2011-2016,3,4820.7,3436.2,6564.3,SARI,FALSE,100000,3m
Base,2011-2016,4,4577.6,3137.1,6395.1,SARI,FALSE,100000,4m
Base,2011-2016,5,2914.8,1966.7,4211.8,SARI,FALSE,100000,5m
Base,2011-2016,6,3178.7,2160.1,4553.1,SARI,FALSE,100000,6m
Base,2011-2016,7,2148.2,1338.3,3265.4,SARI,FALSE,100000,7m
Base,2011-2016,8,1446.9,892,2207.5,SARI,FALSE,100000,8m
Base,2011-2016,9,1221.6,664.5,2011.5,SARI,FALSE,100000,9m
Base,2011-2016,10,1202.4,656.6,1903.1,SARI,FALSE,100000,10m
Base,2011-2016,11,1121.8,599.9,1860.7,SARI,FALSE,100000,11m
Base,2011-2016,12,773.9,514.5,1162.4,SARI,FALSE,100000,12-14m
Base,2011-2016,13,773.9,514.5,1162.4,SARI,FALSE,100000,12-14m
Base,2011-2016,14,773.9,514.5,1162.4,SARI,FALSE,100000,12-14m
Base,2011-2016,15,541.4,340.9,823.4,SARI,FALSE,100000,15-17m
Base,2011-2016,16,541.4,340.9,823.4,SARI,FALSE,100000,15-17m
Base,2011-2016,17,541.4,340.9,823.4,SARI,FALSE,100000,15-17m
Base,2011-2016,18,392.5,212.8,619,SARI,FALSE,100000,18-20m
Base,2011-2016,19,392.5,212.8,619,SARI,FALSE,100000,18-20m
Base,2011-2016,20,392.5,212.8,619,SARI,FALSE,100000,18-20m
Base,2011-2016,21,542.5,231.9,914,SARI,FALSE,100000,21-23m
Base,2011-2016,22,542.5,231.9,914,SARI,FALSE,100000,21-23m
Base,2011-2016,23,542.5,231.9,914,SARI,FALSE,100000,21-23m
Base,2011-2016,24,133.2,84.9,200.2,SARI,FALSE,100000,24-35m
Base,2011-2016,25,133.2,84.9,200.2,SARI,FALSE,100000,24-35m
Base,2011-2016,26,133.2,84.9,200.2,SARI,FALSE,100000,24-35m
Base,2011-2016,27,133.2,84.9,200.2,SARI,FALSE,100000,24-35m
Base,2011-2016,28,133.2,84.9,200.2,SARI,FALSE,100000,24-35m
Base,2011-2016,29,133.2,84.9,200.2,SARI,FALSE,100000,24-35m
Base,2011-2016,30,133.2,84.9,200.2,SARI,FALSE,100000,24-35m
Base,2011-2016,31,133.2,84.9,200.2,SARI,FALSE,100000,24-35m
Base,2011-2016,32,133.2,84.9,200.2,SARI,FALSE,100000,24-35m
Base,2011-2016,33,133.2,84.9,200.2,SARI,FALSE,100000,24-35m
Base,2011-2016,34,133.2,84.9,200.2,SARI,FALSE,100000,24-35m
Base,2011-2016,35,133.2,84.9,200.2,SARI,FALSE,100000,24-35m
Base,2011-2016,36,65.2,29.7,114.6,SARI,FALSE,100000,36-47m
Base,2011-2016,37,65.2,29.7,114.6,SARI,FALSE,100000,36-47m
Base,2011-2016,38,65.2,29.7,114.6,SARI,FALSE,100000,36-47m
Base,2011-2016,39,65.2,29.7,114.6,SARI,FALSE,100000,36-47m
Base,2011-2016,40,65.2,29.7,114.6,SARI,FALSE,100000,36-47m
Base,2011-2016,41,65.2,29.7,114.6,SARI,FALSE,100000,36-47m
Base,2011-2016,42,65.2,29.7,114.6,SARI,FALSE,100000,36-47m
Base,2011-2016,43,65.2,29.7,114.6,SARI,FALSE,100000,36-47m
Base,2011-2016,44,65.2,29.7,114.6,SARI,FALSE,100000,36-47m
Base,2011-2016,45,65.2,29.7,114.6,SARI,FALSE,100000,36-47m
Base,2011-2016,46,65.2,29.7,114.6,SARI,FALSE,100000,36-47m
Base,2011-2016,47,65.2,29.7,114.6,SARI,FALSE,100000,36-47m
Base,2011-2016,48,66.6,32,116.3,SARI,FALSE,100000,48-59m
Base,2011-2016,49,66.6,32,116.3,SARI,FALSE,100000,48-59m
Base,2011-2016,50,66.6,32,116.3,SARI,FALSE,100000,48-59m
Base,2011-2016,51,66.6,32,116.3,SARI,FALSE,100000,48-59m
Base,2011-2016,52,66.6,32,116.3,SARI,FALSE,100000,48-59m
Base,2011-2016,53,66.6,32,116.3,SARI,FALSE,100000,48-59m
Base,2011-2016,54,66.6,32,116.3,SARI,FALSE,100000,48-59m
Base,2011-2016,55,66.6,32,116.3,SARI,FALSE,100000,48-59m
Base,2011-2016,56,66.6,32,116.3,SARI,FALSE,100000,48-59m
Base,2011-2016,57,66.6,32,116.3,SARI,FALSE,100000,48-59m
Base,2011-2016,58,66.6,32,116.3,SARI,FALSE,100000,48-59m
Base,2011-2016,59,66.6,32,116.3,SARI,FALSE,100000,48-59m
Gauteng,2011-2016,0,8647.8,5707.9,12269.1,SARI,FALSE,100000,0m
Gauteng,2011-2016,1,8683.6,6443.6,11608.6,SARI,FALSE,100000,1m
Gauteng,2011-2016,2,6173,4493.6,8409.5,SARI,FALSE,100000,2m
Gauteng,2011-2016,3,5475.8,3849.3,7635.4,SARI,FALSE,100000,3m
Gauteng,2011-2016,4,5192.5,3559.5,7361.2,SARI,FALSE,100000,4m
Gauteng,2011-2016,5,3308.5,2199.6,4886.3,SARI,FALSE,100000,5m
Gauteng,2011-2016,6,3613.4,2419.7,5219.2,SARI,FALSE,100000,6m
Gauteng,2011-2016,7,2439.7,1506.9,3808,SARI,FALSE,100000,7m
Gauteng,2011-2016,8,1640.2,990.6,2503,SARI,FALSE,100000,8m
Gauteng,2011-2016,9,1388.7,740.5,2305.6,SARI,FALSE,100000,9m
Gauteng,2011-2016,10,1360.5,755.7,2198,SARI,FALSE,100000,10m
Gauteng,2011-2016,11,1274.5,678.3,2141.1,SARI,FALSE,100000,11m
Gauteng,2011-2016,12,862.3,559.2,1307.6,SARI,FALSE,100000,12-14m
Gauteng,2011-2016,13,862.3,559.2,1307.6,SARI,FALSE,100000,12-14m
Gauteng,2011-2016,14,862.3,559.2,1307.6,SARI,FALSE,100000,12-14m
Gauteng,2011-2016,15,602.6,371.5,905.7,SARI,FALSE,100000,15-17m
Gauteng,2011-2016,16,602.6,371.5,905.7,SARI,FALSE,100000,15-17m
Gauteng,2011-2016,17,602.6,371.5,905.7,SARI,FALSE,100000,15-17m
Gauteng,2011-2016,18,437.7,235.3,709.1,SARI,FALSE,100000,18-20m
Gauteng,2011-2016,19,437.7,235.3,709.1,SARI,FALSE,100000,18-20m
Gauteng,2011-2016,20,437.7,235.3,709.1,SARI,FALSE,100000,18-20m
Gauteng,2011-2016,21,605,257.9,1047,SARI,FALSE,100000,21-23m
Gauteng,2011-2016,22,605,257.9,1047,SARI,FALSE,100000,21-23m
Gauteng,2011-2016,23,605,257.9,1047,SARI,FALSE,100000,21-23m
Gauteng,2011-2016,24,146.7,92.1,225.5,SARI,FALSE,100000,24-35m
Gauteng,2011-2016,25,146.7,92.1,225.5,SARI,FALSE,100000,24-35m
Gauteng,2011-2016,26,146.7,92.1,225.5,SARI,FALSE,100000,24-35m
Gauteng,2011-2016,27,146.7,92.1,225.5,SARI,FALSE,100000,24-35m
Gauteng,2011-2016,28,146.7,92.1,225.5,SARI,FALSE,100000,24-35m
Gauteng,2011-2016,29,146.7,92.1,225.5,SARI,FALSE,100000,24-35m
Gauteng,2011-2016,30,146.7,92.1,225.5,SARI,FALSE,100000,24-35m
Gauteng,2011-2016,31,146.7,92.1,225.5,SARI,FALSE,100000,24-35m
Gauteng,2011-2016,32,146.7,92.1,225.5,SARI,FALSE,100000,24-35m
Gauteng,2011-2016,33,146.7,92.1,225.5,SARI,FALSE,100000,24-35m
Gauteng,2011-2016,34,146.7,92.1,225.5,SARI,FALSE,100000,24-35m
Gauteng,2011-2016,35,146.7,92.1,225.5,SARI,FALSE,100000,24-35m
Gauteng,2011-2016,36,72.5,32.3,129.9,SARI,FALSE,100000,36-47m
Gauteng,2011-2016,37,72.5,32.3,129.9,SARI,FALSE,100000,36-47m
Gauteng,2011-2016,38,72.5,32.3,129.9,SARI,FALSE,100000,36-47m
Gauteng,2011-2016,39,72.5,32.3,129.9,SARI,FALSE,100000,36-47m
Gauteng,2011-2016,40,72.5,32.3,129.9,SARI,FALSE,100000,36-47m
Gauteng,2011-2016,41,72.5,32.3,129.9,SARI,FALSE,100000,36-47m
Gauteng,2011-2016,42,72.5,32.3,129.9,SARI,FALSE,100000,36-47m
Gauteng,2011-2016,43,72.5,32.3,129.9,SARI,FALSE,100000,36-47m
Gauteng,2011-2016,44,72.5,32.3,129.9,SARI,FALSE,100000,36-47m
Gauteng,2011-2016,45,72.5,32.3,129.9,SARI,FALSE,100000,36-47m
Gauteng,2011-2016,46,72.5,32.3,129.9,SARI,FALSE,100000,36-47m
Gauteng,2011-2016,47,72.5,32.3,129.9,SARI,FALSE,100000,36-47m
Gauteng,2011-2016,48,74.4,34.6,130.8,SARI,FALSE,100000,48-59m
Gauteng,2011-2016,49,74.4,34.6,130.8,SARI,FALSE,100000,48-59m
Gauteng,2011-2016,50,74.4,34.6,130.8,SARI,FALSE,100000,48-59m
Gauteng,2011-2016,51,74.4,34.6,130.8,SARI,FALSE,100000,48-59m
Gauteng,2011-2016,52,74.4,34.6,130.8,SARI,FALSE,100000,48-59m
Gauteng,2011-2016,53,74.4,34.6,130.8,SARI,FALSE,100000,48-59m
Gauteng,2011-2016,54,74.4,34.6,130.8,SARI,FALSE,100000,48-59m
Gauteng,2011-2016,55,74.4,34.6,130.8,SARI,FALSE,100000,48-59m
Gauteng,2011-2016,56,74.4,34.6,130.8,SARI,FALSE,100000,48-59m
Gauteng,2011-2016,57,74.4,34.6,130.8,SARI,FALSE,100000,48-59m
Gauteng,2011-2016,58,74.4,34.6,130.8,SARI,FALSE,100000,48-59m
Gauteng,2011-2016,59,74.4,34.6,130.8,SARI,FALSE,100000,48-59m
Free State,2011-2016,0,10193.5,6633.2,14225.3,SARI,FALSE,100000,0m
Free State,2011-2016,1,10226.4,7537.3,13881.3,SARI,FALSE,100000,1m
Free State,2011-2016,2,7287.8,5229.7,10007.2,SARI,FALSE,100000,2m
Free State,2011-2016,3,6441.5,4558.3,8962.9,SARI,FALSE,100000,3m
Free State,2011-2016,4,6134.2,4116.2,8651.3,SARI,FALSE,100000,4m
Free State,2011-2016,5,3901.8,2618.3,5799.8,SARI,FALSE,100000,5m
Free State,2011-2016,6,4241.8,2829.4,6188.3,SARI,FALSE,100000,6m
Free State,2011-2016,7,2884.7,1824.3,4437.7,SARI,FALSE,100000,7m
Free State,2011-2016,8,1926.9,1182.6,2963.4,SARI,FALSE,100000,8m
Free State,2011-2016,9,1636.2,891.5,2695.1,SARI,FALSE,100000,9m
Free State,2011-2016,10,1604.4,877.8,2595.4,SARI,FALSE,100000,10m
Free State,2011-2016,11,1493,795.2,2521.6,SARI,FALSE,100000,11m
Free State,2011-2016,12,1030.5,668.5,1619.2,SARI,FALSE,100000,12-14m
Free State,2011-2016,13,1030.5,668.5,1619.2,SARI,FALSE,100000,12-14m
Free State,2011-2016,14,1030.5,668.5,1619.2,SARI,FALSE,100000,12-14m
Free State,2011-2016,15,719.5,450.3,1154.6,SARI,FALSE,100000,15-17m
Free State,2011-2016,16,719.5,450.3,1154.6,SARI,FALSE,100000,15-17m
Free State,2011-2016,17,719.5,450.3,1154.6,SARI,FALSE,100000,15-17m
Free State,2011-2016,18,522.3,275.7,834,SARI,FALSE,100000,18-20m
Free State,2011-2016,19,522.3,275.7,834,SARI,FALSE,100000,18-20m
Free State,2011-2016,20,522.3,275.7,834,SARI,FALSE,100000,18-20m
Free State,2011-2016,21,718.3,312.4,1204.8,SARI,FALSE,100000,21-23m
Free State,2011-2016,22,718.3,312.4,1204.8,SARI,FALSE,100000,21-23m
Free State,2011-2016,23,718.3,312.4,1204.8,SARI,FALSE,100000,21-23m
Free State,2011-2016,24,177.3,112,265.3,SARI,FALSE,100000,24-35m
Free State,2011-2016,25,177.3,112,265.3,SARI,FALSE,100000,24-35m
Free State,2011-2016,26,177.3,112,265.3,SARI,FALSE,100000,24-35m
Free State,2011-2016,27,177.3,112,265.3,SARI,FALSE,100000,24-35m
Free State,2011-2016,28,177.3,112,265.3,SARI,FALSE,100000,24-35m
Free State,2011-2016,29,177.3,112,265.3,SARI,FALSE,100000,24-35m
Free State,2011-2016,30,177.3,112,265.3,SARI,FALSE,100000,24-35m
Free State,2011-2016,31,177.3,112,265.3,SARI,FALSE,100000,24-35m
Free State,2011-2016,32,177.3,112,265.3,SARI,FALSE,100000,24-35m
Free State,2011-2016,33,177.3,112,265.3,SARI,FALSE,100000,24-35m
Free State,2011-2016,34,177.3,112,265.3,SARI,FALSE,100000,24-35m
Free State,2011-2016,35,177.3,112,265.3,SARI,FALSE,100000,24-35m
Free State,2011-2016,36,86.6,38.6,154.6,SARI,FALSE,100000,36-47m
Free State,2011-2016,37,86.6,38.6,154.6,SARI,FALSE,100000,36-47m
Free State,2011-2016,38,86.6,38.6,154.6,SARI,FALSE,100000,36-47m
Free State,2011-2016,39,86.6,38.6,154.6,SARI,FALSE,100000,36-47m
Free State,2011-2016,40,86.6,38.6,154.6,SARI,FALSE,100000,36-47m
Free State,2011-2016,41,86.6,38.6,154.6,SARI,FALSE,100000,36-47m
Free State,2011-2016,42,86.6,38.6,154.6,SARI,FALSE,100000,36-47m
Free State,2011-2016,43,86.6,38.6,154.6,SARI,FALSE,100000,36-47m
Free State,2011-2016,44,86.6,38.6,154.6,SARI,FALSE,100000,36-47m
Free State,2011-2016,45,86.6,38.6,154.6,SARI,FALSE,100000,36-47m
Free State,2011-2016,46,86.6,38.6,154.6,SARI,FALSE,100000,36-47m
Free State,2011-2016,47,86.6,38.6,154.6,SARI,FALSE,100000,36-47m
Free State,2011-2016,48,88.9,41,155.8,SARI,FALSE,100000,48-59m
Free State,2011-2016,49,88.9,41,155.8,SARI,FALSE,100000,48-59m
Free State,2011-2016,50,88.9,41,155.8,SARI,FALSE,100000,48-59m
Free State,2011-2016,51,88.9,41,155.8,SARI,FALSE,100000,48-59m
Free State,2011-2016,52,88.9,41,155.8,SARI,FALSE,100000,48-59m
Free State,2011-2016,53,88.9,41,155.8,SARI,FALSE,100000,48-59m
Free State,2011-2016,54,88.9,41,155.8,SARI,FALSE,100000,48-59m
Free State,2011-2016,55,88.9,41,155.8,SARI,FALSE,100000,48-59m
Free State,2011-2016,56,88.9,41,155.8,SARI,FALSE,100000,48-59m
Free State,2011-2016,57,88.9,41,155.8,SARI,FALSE,100000,48-59m
Free State,2011-2016,58,88.9,41,155.8,SARI,FALSE,100000,48-59m
Free State,2011-2016,59,88.9,41,155.8,SARI,FALSE,100000,48-59m
Western Cape,2011-2016,0,8260.2,5272.5,11844.1,SARI,FALSE,100000,0m
Western Cape,2011-2016,1,8301.5,6010,11183.3,SARI,FALSE,100000,1m
Western Cape,2011-2016,2,5905,4191,8205.1,SARI,FALSE,100000,2m
Western Cape,2011-2016,3,5232.2,3664.2,7411.1,SARI,FALSE,100000,3m
Western Cape,2011-2016,4,4966,3310.8,7168.8,SARI,FALSE,100000,4m
Western Cape,2011-2016,5,3161.2,2068.4,4627.5,SARI,FALSE,100000,5m
Western Cape,2011-2016,6,3454.8,2349.9,5071.2,SARI,FALSE,100000,6m
Western Cape,2011-2016,7,2326.6,1432.4,3588.6,SARI,FALSE,100000,7m
Western Cape,2011-2016,8,1568.6,952,2423.4,SARI,FALSE,100000,8m
Western Cape,2011-2016,9,1329.5,708.1,2222.6,SARI,FALSE,100000,9m
Western Cape,2011-2016,10,1306.1,714.9,2113.2,SARI,FALSE,100000,10m
Western Cape,2011-2016,11,1213.1,624.9,2018.1,SARI,FALSE,100000,11m
Western Cape,2011-2016,12,810.9,531.1,1244.3,SARI,FALSE,100000,12-14m
Western Cape,2011-2016,13,810.9,531.1,1244.3,SARI,FALSE,100000,12-14m
Western Cape,2011-2016,14,810.9,531.1,1244.3,SARI,FALSE,100000,12-14m
Western Cape,2011-2016,15,569.3,346.1,876.5,SARI,FALSE,100000,15-17m
Western Cape,2011-2016,16,569.3,346.1,876.5,SARI,FALSE,100000,15-17m
Western Cape,2011-2016,17,569.3,346.1,876.5,SARI,FALSE,100000,15-17m
Western Cape,2011-2016,18,413.6,221.9,650.1,SARI,FALSE,100000,18-20m
Western Cape,2011-2016,19,413.6,221.9,650.1,SARI,FALSE,100000,18-20m
Western Cape,2011-2016,20,413.6,221.9,650.1,SARI,FALSE,100000,18-20m
Western Cape,2011-2016,21,567.9,246.5,1010.7,SARI,FALSE,100000,21-23m
Western Cape,2011-2016,22,567.9,246.5,1010.7,SARI,FALSE,100000,21-23m
Western Cape,2011-2016,23,567.9,246.5,1010.7,SARI,FALSE,100000,21-23m
Western Cape,2011-2016,24,137.2,87.4,210.3,SARI,FALSE,100000,24-35m
Western Cape,2011-2016,25,137.2,87.4,210.3,SARI,FALSE,100000,24-35m
Western Cape,2011-2016,26,137.2,87.4,210.3,SARI,FALSE,100000,24-35m
Western Cape,2011-2016,27,137.2,87.4,210.3,SARI,FALSE,100000,24-35m
Western Cape,2011-2016,28,137.2,87.4,210.3,SARI,FALSE,100000,24-35m
Western Cape,2011-2016,29,137.2,87.4,210.3,SARI,FALSE,100000,24-35m
Western Cape,2011-2016,30,137.2,87.4,210.3,SARI,FALSE,100000,24-35m
Western Cape,2011-2016,31,137.2,87.4,210.3,SARI,FALSE,100000,24-35m
Western Cape,2011-2016,32,137.2,87.4,210.3,SARI,FALSE,100000,24-35m
Western Cape,2011-2016,33,137.2,87.4,210.3,SARI,FALSE,100000,24-35m
Western Cape,2011-2016,34,137.2,87.4,210.3,SARI,FALSE,100000,24-35m
Western Cape,2011-2016,35,137.2,87.4,210.3,SARI,FALSE,100000,24-35m
Western Cape,2011-2016,36,67.1,30.4,118.9,SARI,FALSE,100000,36-47m
Western Cape,2011-2016,37,67.1,30.4,118.9,SARI,FALSE,100000,36-47m
Western Cape,2011-2016,38,67.1,30.4,118.9,SARI,FALSE,100000,36-47m
Western Cape,2011-2016,39,67.1,30.4,118.9,SARI,FALSE,100000,36-47m
Western Cape,2011-2016,40,67.1,30.4,118.9,SARI,FALSE,100000,36-47m
Western Cape,2011-2016,41,67.1,30.4,118.9,SARI,FALSE,100000,36-47m
Western Cape,2011-2016,42,67.1,30.4,118.9,SARI,FALSE,100000,36-47m
Western Cape,2011-2016,43,67.1,30.4,118.9,SARI,FALSE,100000,36-47m
Western Cape,2011-2016,44,67.1,30.4,118.9,SARI,FALSE,100000,36-47m
Western Cape,2011-2016,45,67.1,30.4,118.9,SARI,FALSE,100000,36-47m
Western Cape,2011-2016,46,67.1,30.4,118.9,SARI,FALSE,100000,36-47m
Western Cape,2011-2016,47,67.1,30.4,118.9,SARI,FALSE,100000,36-47m
Western Cape,2011-2016,48,67.9,31.6,120.9,SARI,FALSE,100000,48-59m
Western Cape,2011-2016,49,67.9,31.6,120.9,SARI,FALSE,100000,48-59m
Western Cape,2011-2016,50,67.9,31.6,120.9,SARI,FALSE,100000,48-59m
Western Cape,2011-2016,51,67.9,31.6,120.9,SARI,FALSE,100000,48-59m
Western Cape,2011-2016,52,67.9,31.6,120.9,SARI,FALSE,100000,48-59m
Western Cape,2011-2016,53,67.9,31.6,120.9,SARI,FALSE,100000,48-59m
Western Cape,2011-2016,54,67.9,31.6,120.9,SARI,FALSE,100000,48-59m
Western Cape,2011-2016,55,67.9,31.6,120.9,SARI,FALSE,100000,48-59m
Western Cape,2011-2016,56,67.9,31.6,120.9,SARI,FALSE,100000,48-59m
Western Cape,2011-2016,57,67.9,31.6,120.9,SARI,FALSE,100000,48-59m
Western Cape,2011-2016,58,67.9,31.6,120.9,SARI,FALSE,100000,48-59m
Western Cape,2011-2016,59,67.9,31.6,120.9,SARI,FALSE,100000,48-59m
Eastern Cape,2011-2016,0,8328.7,5285.5,11767.9,SARI,FALSE,100000,0m
Eastern Cape,2011-2016,1,8362.6,6117.1,11274,SARI,FALSE,100000,1m
Eastern Cape,2011-2016,2,5943.6,4295.2,8170.2,SARI,FALSE,100000,2m
Eastern Cape,2011-2016,3,5271.6,3748.4,7375,SARI,FALSE,100000,3m
Eastern Cape,2011-2016,4,5008.2,3414.8,7267.9,SARI,FALSE,100000,4m
Eastern Cape,2011-2016,5,3188.6,2061.4,4817.2,SARI,FALSE,100000,5m
Eastern Cape,2011-2016,6,3472.7,2299.8,4943.1,SARI,FALSE,100000,6m
Eastern Cape,2011-2016,7,2348.6,1449.3,3651.7,SARI,FALSE,100000,7m
Eastern Cape,2011-2016,8,1580.8,940.8,2466.2,SARI,FALSE,100000,8m
Eastern Cape,2011-2016,9,1335.3,723.7,2207.5,SARI,FALSE,100000,9m
Eastern Cape,2011-2016,10,1311.9,728.1,2093.7,SARI,FALSE,100000,10m
Eastern Cape,2011-2016,11,1220.4,645.8,2075.1,SARI,FALSE,100000,11m
Eastern Cape,2011-2016,12,843.6,547.8,1292.3,SARI,FALSE,100000,12-14m
Eastern Cape,2011-2016,13,843.6,547.8,1292.3,SARI,FALSE,100000,12-14m
Eastern Cape,2011-2016,14,843.6,547.8,1292.3,SARI,FALSE,100000,12-14m
Eastern Cape,2011-2016,15,586.8,363.3,888.1,SARI,FALSE,100000,15-17m
Eastern Cape,2011-2016,16,586.8,363.3,888.1,SARI,FALSE,100000,15-17m
Eastern Cape,2011-2016,17,586.8,363.3,888.1,SARI,FALSE,100000,15-17m
Eastern Cape,2011-2016,18,425.9,227.9,684.2,SARI,FALSE,100000,18-20m
Eastern Cape,2011-2016,19,425.9,227.9,684.2,SARI,FALSE,100000,18-20m
Eastern Cape,2011-2016,20,425.9,227.9,684.2,SARI,FALSE,100000,18-20m
Eastern Cape,2011-2016,21,590.4,264.9,1009.3,SARI,FALSE,100000,21-23m
Eastern Cape,2011-2016,22,590.4,264.9,1009.3,SARI,FALSE,100000,21-23m
Eastern Cape,2011-2016,23,590.4,264.9,1009.3,SARI,FALSE,100000,21-23m
Eastern Cape,2011-2016,24,143.1,91.3,215.6,SARI,FALSE,100000,24-35m
Eastern Cape,2011-2016,25,143.1,91.3,215.6,SARI,FALSE,100000,24-35m
Eastern Cape,2011-2016,26,143.1,91.3,215.6,SARI,FALSE,100000,24-35m
Eastern Cape,2011-2016,27,143.1,91.3,215.6,SARI,FALSE,100000,24-35m
Eastern Cape,2011-2016,28,143.1,91.3,215.6,SARI,FALSE,100000,24-35m
Eastern Cape,2011-2016,29,143.1,91.3,215.6,SARI,FALSE,100000,24-35m
Eastern Cape,2011-2016,30,143.1,91.3,215.6,SARI,FALSE,100000,24-35m
Eastern Cape,2011-2016,31,143.1,91.3,215.6,SARI,FALSE,100000,24-35m
Eastern Cape,2011-2016,32,143.1,91.3,215.6,SARI,FALSE,100000,24-35m
Eastern Cape,2011-2016,33,143.1,91.3,215.6,SARI,FALSE,100000,24-35m
Eastern Cape,2011-2016,34,143.1,91.3,215.6,SARI,FALSE,100000,24-35m
Eastern Cape,2011-2016,35,143.1,91.3,215.6,SARI,FALSE,100000,24-35m
Eastern Cape,2011-2016,36,70.2,32.5,125.6,SARI,FALSE,100000,36-47m
Eastern Cape,2011-2016,37,70.2,32.5,125.6,SARI,FALSE,100000,36-47m
Eastern Cape,2011-2016,38,70.2,32.5,125.6,SARI,FALSE,100000,36-47m
Eastern Cape,2011-2016,39,70.2,32.5,125.6,SARI,FALSE,100000,36-47m
Eastern Cape,2011-2016,40,70.2,32.5,125.6,SARI,FALSE,100000,36-47m
Eastern Cape,2011-2016,41,70.2,32.5,125.6,SARI,FALSE,100000,36-47m
Eastern Cape,2011-2016,42,70.2,32.5,125.6,SARI,FALSE,100000,36-47m
Eastern Cape,2011-2016,43,70.2,32.5,125.6,SARI,FALSE,100000,36-47m
Eastern Cape,2011-2016,44,70.2,32.5,125.6,SARI,FALSE,100000,36-47m
Eastern Cape,2011-2016,45,70.2,32.5,125.6,SARI,FALSE,100000,36-47m
Eastern Cape,2011-2016,46,70.2,32.5,125.6,SARI,FALSE,100000,36-47m
Eastern Cape,2011-2016,47,70.2,32.5,125.6,SARI,FALSE,100000,36-47m
Eastern Cape,2011-2016,48,71.4,33.8,123.6,SARI,FALSE,100000,48-59m
Eastern Cape,2011-2016,49,71.4,33.8,123.6,SARI,FALSE,100000,48-59m
Eastern Cape,2011-2016,50,71.4,33.8,123.6,SARI,FALSE,100000,48-59m
Eastern Cape,2011-2016,51,71.4,33.8,123.6,SARI,FALSE,100000,48-59m
Eastern Cape,2011-2016,52,71.4,33.8,123.6,SARI,FALSE,100000,48-59m
Eastern Cape,2011-2016,53,71.4,33.8,123.6,SARI,FALSE,100000,48-59m
Eastern Cape,2011-2016,54,71.4,33.8,123.6,SARI,FALSE,100000,48-59m
Eastern Cape,2011-2016,55,71.4,33.8,123.6,SARI,FALSE,100000,48-59m
Eastern Cape,2011-2016,56,71.4,33.8,123.6,SARI,FALSE,100000,48-59m
Eastern Cape,2011-2016,57,71.4,33.8,123.6,SARI,FALSE,100000,48-59m
Eastern Cape,2011-2016,58,71.4,33.8,123.6,SARI,FALSE,100000,48-59m
Eastern Cape,2011-2016,59,71.4,33.8,123.6,SARI,FALSE,100000,48-59m
Northern Cape,2011-2016,0,9497.2,6211.9,13484.7,SARI,FALSE,100000,0m
Northern Cape,2011-2016,1,9581.8,6885,13070.6,SARI,FALSE,100000,1m
Northern Cape,2011-2016,2,6801.6,4874.3,9483.2,SARI,FALSE,100000,2m
Northern Cape,2011-2016,3,6028,4193.8,8264.5,SARI,FALSE,100000,3m
Northern Cape,2011-2016,4,5684,3858.3,8266.7,SARI,FALSE,100000,4m
Northern Cape,2011-2016,5,3634.5,2403.4,5520.8,SARI,FALSE,100000,5m
Northern Cape,2011-2016,6,3984.6,2658.9,5777.3,SARI,FALSE,100000,6m
Northern Cape,2011-2016,7,2700.4,1687.7,4106.4,SARI,FALSE,100000,7m
Northern Cape,2011-2016,8,1790.7,1066.3,2784.7,SARI,FALSE,100000,8m
Northern Cape,2011-2016,9,1515.7,817.9,2552.7,SARI,FALSE,100000,9m
Northern Cape,2011-2016,10,1488.8,815.1,2459.6,SARI,FALSE,100000,10m
Northern Cape,2011-2016,11,1369.2,779,2341.9,SARI,FALSE,100000,11m
Northern Cape,2011-2016,12,930.6,612.8,1446.1,SARI,FALSE,100000,12-14m
Northern Cape,2011-2016,13,930.6,612.8,1446.1,SARI,FALSE,100000,12-14m
Northern Cape,2011-2016,14,930.6,612.8,1446.1,SARI,FALSE,100000,12-14m
Northern Cape,2011-2016,15,669,391.6,1000.4,SARI,FALSE,100000,15-17m
Northern Cape,2011-2016,16,669,391.6,1000.4,SARI,FALSE,100000,15-17m
Northern Cape,2011-2016,17,669,391.6,1000.4,SARI,FALSE,100000,15-17m
Northern Cape,2011-2016,18,477,259,765.8,SARI,FALSE,100000,18-20m
Northern Cape,2011-2016,19,477,259,765.8,SARI,FALSE,100000,18-20m
Northern Cape,2011-2016,20,477,259,765.8,SARI,FALSE,100000,18-20m
Northern Cape,2011-2016,21,667.4,297.9,1158.6,SARI,FALSE,100000,21-23m
Northern Cape,2011-2016,22,667.4,297.9,1158.6,SARI,FALSE,100000,21-23m
Northern Cape,2011-2016,23,667.4,297.9,1158.6,SARI,FALSE,100000,21-23m
Northern Cape,2011-2016,24,157.7,106.9,240.3,SARI,FALSE,100000,24-35m
Northern Cape,2011-2016,25,157.7,106.9,240.3,SARI,FALSE,100000,24-35m
Northern Cape,2011-2016,26,157.7,106.9,240.3,SARI,FALSE,100000,24-35m
Northern Cape,2011-2016,27,157.7,106.9,240.3,SARI,FALSE,100000,24-35m
Northern Cape,2011-2016,28,157.7,106.9,240.3,SARI,FALSE,100000,24-35m
Northern Cape,2011-2016,29,157.7,106.9,240.3,SARI,FALSE,100000,24-35m
Northern Cape,2011-2016,30,157.7,106.9,240.3,SARI,FALSE,100000,24-35m
Northern Cape,2011-2016,31,157.7,106.9,240.3,SARI,FALSE,100000,24-35m
Northern Cape,2011-2016,32,157.7,106.9,240.3,SARI,FALSE,100000,24-35m
Northern Cape,2011-2016,33,157.7,106.9,240.3,SARI,FALSE,100000,24-35m
Northern Cape,2011-2016,34,157.7,106.9,240.3,SARI,FALSE,100000,24-35m
Northern Cape,2011-2016,35,157.7,106.9,240.3,SARI,FALSE,100000,24-35m
Northern Cape,2011-2016,36,78.6,36.8,140.3,SARI,FALSE,100000,36-47m
Northern Cape,2011-2016,37,78.6,36.8,140.3,SARI,FALSE,100000,36-47m
Northern Cape,2011-2016,38,78.6,36.8,140.3,SARI,FALSE,100000,36-47m
Northern Cape,2011-2016,39,78.6,36.8,140.3,SARI,FALSE,100000,36-47m
Northern Cape,2011-2016,40,78.6,36.8,140.3,SARI,FALSE,100000,36-47m
Northern Cape,2011-2016,41,78.6,36.8,140.3,SARI,FALSE,100000,36-47m
Northern Cape,2011-2016,42,78.6,36.8,140.3,SARI,FALSE,100000,36-47m
Northern Cape,2011-2016,43,78.6,36.8,140.3,SARI,FALSE,100000,36-47m
Northern Cape,2011-2016,44,78.6,36.8,140.3,SARI,FALSE,100000,36-47m
Northern Cape,2011-2016,45,78.6,36.8,140.3,SARI,FALSE,100000,36-47m
Northern Cape,2011-2016,46,78.6,36.8,140.3,SARI,FALSE,100000,36-47m
Northern Cape,2011-2016,47,78.6,36.8,140.3,SARI,FALSE,100000,36-47m
Northern Cape,2011-2016,48,82.6,41.5,144.9,SARI,FALSE,100000,48-59m
Northern Cape,2011-2016,49,82.6,41.5,144.9,SARI,FALSE,100000,48-59m
Northern Cape,2011-2016,50,82.6,41.5,144.9,SARI,FALSE,100000,48-59m
Northern Cape,2011-2016,51,82.6,41.5,144.9,SARI,FALSE,100000,48-59m
Northern Cape,2011-2016,52,82.6,41.5,144.9,SARI,FALSE,100000,48-59m
Northern Cape,2011-2016,53,82.6,41.5,144.9,SARI,FALSE,100000,48-59m
Northern Cape,2011-2016,54,82.6,41.5,144.9,SARI,FALSE,100000,48-59m
Northern Cape,2011-2016,55,82.6,41.5,144.9,SARI,FALSE,100000,48-59m
Northern Cape,2011-2016,56,82.6,41.5,144.9,SARI,FALSE,100000,48-59m
Northern Cape,2011-2016,57,82.6,41.5,144.9,SARI,FALSE,100000,48-59m
Northern Cape,2011-2016,58,82.6,41.5,144.9,SARI,FALSE,100000,48-59m
Northern Cape,2011-2016,59,82.6,41.5,144.9,SARI,FALSE,100000,48-59m
Limpopo,2011-2016,0,7729.7,4999.9,10961.9,SARI,FALSE,100000,0m
Limpopo,2011-2016,1,7754.7,5682.8,10661.9,SARI,FALSE,100000,1m
Limpopo,2011-2016,2,5510.7,3982.2,7579.1,SARI,FALSE,100000,2m
Limpopo,2011-2016,3,4892.8,3433.1,6767.9,SARI,FALSE,100000,3m
Limpopo,2011-2016,4,4640.3,3083.1,6605.1,SARI,FALSE,100000,4m
Limpopo,2011-2016,5,2953.4,1949.7,4386.9,SARI,FALSE,100000,5m
Limpopo,2011-2016,6,3227.6,2149.9,4664.3,SARI,FALSE,100000,6m
Limpopo,2011-2016,7,2185.5,1347.4,3401.7,SARI,FALSE,100000,7m
Limpopo,2011-2016,8,1463,881.1,2217.9,SARI,FALSE,100000,8m
Limpopo,2011-2016,9,1234.4,679,2115,SARI,FALSE,100000,9m
Limpopo,2011-2016,10,1220.6,667.6,1944,SARI,FALSE,100000,10m
Limpopo,2011-2016,11,1129.5,612.5,1960.2,SARI,FALSE,100000,11m
Limpopo,2011-2016,12,769.2,505,1178.8,SARI,FALSE,100000,12-14m
Limpopo,2011-2016,13,769.2,505,1178.8,SARI,FALSE,100000,12-14m
Limpopo,2011-2016,14,769.2,505,1178.8,SARI,FALSE,100000,12-14m
Limpopo,2011-2016,15,536.6,324.6,830.2,SARI,FALSE,100000,15-17m
Limpopo,2011-2016,16,536.6,324.6,830.2,SARI,FALSE,100000,15-17m
Limpopo,2011-2016,17,536.6,324.6,830.2,SARI,FALSE,100000,15-17m
Limpopo,2011-2016,18,392,205.2,617.8,SARI,FALSE,100000,18-20m
Limpopo,2011-2016,19,392,205.2,617.8,SARI,FALSE,100000,18-20m
Limpopo,2011-2016,20,392,205.2,617.8,SARI,FALSE,100000,18-20m
Limpopo,2011-2016,21,541.2,235.3,920.6,SARI,FALSE,100000,21-23m
Limpopo,2011-2016,22,541.2,235.3,920.6,SARI,FALSE,100000,21-23m
Limpopo,2011-2016,23,541.2,235.3,920.6,SARI,FALSE,100000,21-23m
Limpopo,2011-2016,24,130.5,83.4,196.8,SARI,FALSE,100000,24-35m
Limpopo,2011-2016,25,130.5,83.4,196.8,SARI,FALSE,100000,24-35m
Limpopo,2011-2016,26,130.5,83.4,196.8,SARI,FALSE,100000,24-35m
Limpopo,2011-2016,27,130.5,83.4,196.8,SARI,FALSE,100000,24-35m
Limpopo,2011-2016,28,130.5,83.4,196.8,SARI,FALSE,100000,24-35m
Limpopo,2011-2016,29,130.5,83.4,196.8,SARI,FALSE,100000,24-35m
Limpopo,2011-2016,30,130.5,83.4,196.8,SARI,FALSE,100000,24-35m
Limpopo,2011-2016,31,130.5,83.4,196.8,SARI,FALSE,100000,24-35m
Limpopo,2011-2016,32,130.5,83.4,196.8,SARI,FALSE,100000,24-35m
Limpopo,2011-2016,33,130.5,83.4,196.8,SARI,FALSE,100000,24-35m
Limpopo,2011-2016,34,130.5,83.4,196.8,SARI,FALSE,100000,24-35m
Limpopo,2011-2016,35,130.5,83.4,196.8,SARI,FALSE,100000,24-35m
Limpopo,2011-2016,36,64.8,29.9,115.6,SARI,FALSE,100000,36-47m
Limpopo,2011-2016,37,64.8,29.9,115.6,SARI,FALSE,100000,36-47m
Limpopo,2011-2016,38,64.8,29.9,115.6,SARI,FALSE,100000,36-47m
Limpopo,2011-2016,39,64.8,29.9,115.6,SARI,FALSE,100000,36-47m
Limpopo,2011-2016,40,64.8,29.9,115.6,SARI,FALSE,100000,36-47m
Limpopo,2011-2016,41,64.8,29.9,115.6,SARI,FALSE,100000,36-47m
Limpopo,2011-2016,42,64.8,29.9,115.6,SARI,FALSE,100000,36-47m
Limpopo,2011-2016,43,64.8,29.9,115.6,SARI,FALSE,100000,36-47m
Limpopo,2011-2016,44,64.8,29.9,115.6,SARI,FALSE,100000,36-47m
Limpopo,2011-2016,45,64.8,29.9,115.6,SARI,FALSE,100000,36-47m
Limpopo,2011-2016,46,64.8,29.9,115.6,SARI,FALSE,100000,36-47m
Limpopo,2011-2016,47,64.8,29.9,115.6,SARI,FALSE,100000,36-47m
Limpopo,2011-2016,48,65.9,30.3,117.1,SARI,FALSE,100000,48-59m
Limpopo,2011-2016,49,65.9,30.3,117.1,SARI,FALSE,100000,48-59m
Limpopo,2011-2016,50,65.9,30.3,117.1,SARI,FALSE,100000,48-59m
Limpopo,2011-2016,51,65.9,30.3,117.1,SARI,FALSE,100000,48-59m
Limpopo,2011-2016,52,65.9,30.3,117.1,SARI,FALSE,100000,48-59m
Limpopo,2011-2016,53,65.9,30.3,117.1,SARI,FALSE,100000,48-59m
Limpopo,2011-2016,54,65.9,30.3,117.1,SARI,FALSE,100000,48-59m
Limpopo,2011-2016,55,65.9,30.3,117.1,SARI,FALSE,100000,48-59m
Limpopo,2011-2016,56,65.9,30.3,117.1,SARI,FALSE,100000,48-59m
Limpopo,2011-2016,57,65.9,30.3,117.1,SARI,FALSE,100000,48-59m
Limpopo,2011-2016,58,65.9,30.3,117.1,SARI,FALSE,100000,48-59m
Limpopo,2011-2016,59,65.9,30.3,117.1,SARI,FALSE,100000,48-59m
Mpumalanga,2011-2016,0,4150.9,2634.5,5933.1,SARI,FALSE,100000,0m
Mpumalanga,2011-2016,1,4182.9,2972.8,5648.5,SARI,FALSE,100000,1m
Mpumalanga,2011-2016,2,2960.9,2120.9,4180.7,SARI,FALSE,100000,2m
Mpumalanga,2011-2016,3,2642.7,1851.7,3727.7,SARI,FALSE,100000,3m
Mpumalanga,2011-2016,4,2506.4,1654.1,3689.8,SARI,FALSE,100000,4m
Mpumalanga,2011-2016,5,1587.4,1037.1,2352.1,SARI,FALSE,100000,5m
Mpumalanga,2011-2016,6,1734.2,1165.9,2522.5,SARI,FALSE,100000,6m
Mpumalanga,2011-2016,7,1172.9,708.9,1861.7,SARI,FALSE,100000,7m
Mpumalanga,2011-2016,8,800.9,477.4,1236.8,SARI,FALSE,100000,8m
Mpumalanga,2011-2016,9,662,344.9,1102.1,SARI,FALSE,100000,9m
Mpumalanga,2011-2016,10,659.2,367.2,1066.4,SARI,FALSE,100000,10m
Mpumalanga,2011-2016,11,601.5,338.2,1029.9,SARI,FALSE,100000,11m
Mpumalanga,2011-2016,12,421.5,272.9,653.2,SARI,FALSE,100000,12-14m
Mpumalanga,2011-2016,13,421.5,272.9,653.2,SARI,FALSE,100000,12-14m
Mpumalanga,2011-2016,14,421.5,272.9,653.2,SARI,FALSE,100000,12-14m
Mpumalanga,2011-2016,15,292.2,176.4,460.7,SARI,FALSE,100000,15-17m
Mpumalanga,2011-2016,16,292.2,176.4,460.7,SARI,FALSE,100000,15-17m
Mpumalanga,2011-2016,17,292.2,176.4,460.7,SARI,FALSE,100000,15-17m
Mpumalanga,2011-2016,18,213.9,111,351.2,SARI,FALSE,100000,18-20m
Mpumalanga,2011-2016,19,213.9,111,351.2,SARI,FALSE,100000,18-20m
Mpumalanga,2011-2016,20,213.9,111,351.2,SARI,FALSE,100000,18-20m
Mpumalanga,2011-2016,21,299.1,129.2,509.2,SARI,FALSE,100000,21-23m
Mpumalanga,2011-2016,22,299.1,129.2,509.2,SARI,FALSE,100000,21-23m
Mpumalanga,2011-2016,23,299.1,129.2,509.2,SARI,FALSE,100000,21-23m
Mpumalanga,2011-2016,24,72.3,44.8,111.7,SARI,FALSE,100000,24-35m
Mpumalanga,2011-2016,25,72.3,44.8,111.7,SARI,FALSE,100000,24-35m
Mpumalanga,2011-2016,26,72.3,44.8,111.7,SARI,FALSE,100000,24-35m
Mpumalanga,2011-2016,27,72.3,44.8,111.7,SARI,FALSE,100000,24-35m
Mpumalanga,2011-2016,28,72.3,44.8,111.7,SARI,FALSE,100000,24-35m
Mpumalanga,2011-2016,29,72.3,44.8,111.7,SARI,FALSE,100000,24-35m
Mpumalanga,2011-2016,30,72.3,44.8,111.7,SARI,FALSE,100000,24-35m
Mpumalanga,2011-2016,31,72.3,44.8,111.7,SARI,FALSE,100000,24-35m
Mpumalanga,2011-2016,32,72.3,44.8,111.7,SARI,FALSE,100000,24-35m
Mpumalanga,2011-2016,33,72.3,44.8,111.7,SARI,FALSE,100000,24-35m
Mpumalanga,2011-2016,34,72.3,44.8,111.7,SARI,FALSE,100000,24-35m
Mpumalanga,2011-2016,35,72.3,44.8,111.7,SARI,FALSE,100000,24-35m
Mpumalanga,2011-2016,36,36,15.9,64.7,SARI,FALSE,100000,36-47m
Mpumalanga,2011-2016,37,36,15.9,64.7,SARI,FALSE,100000,36-47m
Mpumalanga,2011-2016,38,36,15.9,64.7,SARI,FALSE,100000,36-47m
Mpumalanga,2011-2016,39,36,15.9,64.7,SARI,FALSE,100000,36-47m
Mpumalanga,2011-2016,40,36,15.9,64.7,SARI,FALSE,100000,36-47m
Mpumalanga,2011-2016,41,36,15.9,64.7,SARI,FALSE,100000,36-47m
Mpumalanga,2011-2016,42,36,15.9,64.7,SARI,FALSE,100000,36-47m
Mpumalanga,2011-2016,43,36,15.9,64.7,SARI,FALSE,100000,36-47m
Mpumalanga,2011-2016,44,36,15.9,64.7,SARI,FALSE,100000,36-47m
Mpumalanga,2011-2016,45,36,15.9,64.7,SARI,FALSE,100000,36-47m
Mpumalanga,2011-2016,46,36,15.9,64.7,SARI,FALSE,100000,36-47m
Mpumalanga,2011-2016,47,36,15.9,64.7,SARI,FALSE,100000,36-47m
Mpumalanga,2011-2016,48,36.4,17.4,65.3,SARI,FALSE,100000,48-59m
Mpumalanga,2011-2016,49,36.4,17.4,65.3,SARI,FALSE,100000,48-59m
Mpumalanga,2011-2016,50,36.4,17.4,65.3,SARI,FALSE,100000,48-59m
Mpumalanga,2011-2016,51,36.4,17.4,65.3,SARI,FALSE,100000,48-59m
Mpumalanga,2011-2016,52,36.4,17.4,65.3,SARI,FALSE,100000,48-59m
Mpumalanga,2011-2016,53,36.4,17.4,65.3,SARI,FALSE,100000,48-59m
Mpumalanga,2011-2016,54,36.4,17.4,65.3,SARI,FALSE,100000,48-59m
Mpumalanga,2011-2016,55,36.4,17.4,65.3,SARI,FALSE,100000,48-59m
Mpumalanga,2011-2016,56,36.4,17.4,65.3,SARI,FALSE,100000,48-59m
Mpumalanga,2011-2016,57,36.4,17.4,65.3,SARI,FALSE,100000,48-59m
Mpumalanga,2011-2016,58,36.4,17.4,65.3,SARI,FALSE,100000,48-59m
Mpumalanga,2011-2016,59,36.4,17.4,65.3,SARI,FALSE,100000,48-59m
South Africa,2011-2016,0,7870.7,5110,11115.5,SARI,FALSE,100000,0m
South Africa,2011-2016,1,7904.6,5830.4,10630.5,SARI,FALSE,100000,1m
South Africa,2011-2016,2,5619.1,4081.4,7669.1,SARI,FALSE,100000,2m
South Africa,2011-2016,3,4984,3519.1,6908.7,SARI,FALSE,100000,3m
South Africa,2011-2016,4,4730.5,3206.4,6731.4,SARI,FALSE,100000,4m
South Africa,2011-2016,5,3011.1,1994.3,4437.1,SARI,FALSE,100000,5m
South Africa,2011-2016,6,3286.5,2204.3,4735.3,SARI,FALSE,100000,6m
South Africa,2011-2016,7,2222.2,1372.3,3427.7,SARI,FALSE,100000,7m
South Africa,2011-2016,8,1494.9,904.8,2289.1,SARI,FALSE,100000,8m
South Africa,2011-2016,9,1261.5,679.7,2095.1,SARI,FALSE,100000,9m
South Africa,2011-2016,10,1240.6,679.1,1984.2,SARI,FALSE,100000,10m
South Africa,2011-2016,11,1156.1,614.2,1944.4,SARI,FALSE,100000,11m
South Africa,2011-2016,12,790.5,517.8,1203.8,SARI,FALSE,100000,12-14m
South Africa,2011-2016,13,790.5,517.8,1203.8,SARI,FALSE,100000,12-14m
South Africa,2011-2016,14,790.5,517.8,1203.8,SARI,FALSE,100000,12-14m
South Africa,2011-2016,15,552.7,340.4,844,SARI,FALSE,100000,15-17m
South Africa,2011-2016,16,552.7,340.4,844,SARI,FALSE,100000,15-17m
South Africa,2011-2016,17,552.7,340.4,844,SARI,FALSE,100000,15-17m
South Africa,2011-2016,18,400.8,214.8,639.7,SARI,FALSE,100000,18-20m
South Africa,2011-2016,19,400.8,214.8,639.7,SARI,FALSE,100000,18-20m
South Africa,2011-2016,20,400.8,214.8,639.7,SARI,FALSE,100000,18-20m
South Africa,2011-2016,21,554.5,238.8,948.2,SARI,FALSE,100000,21-23m
South Africa,2011-2016,22,554.5,238.8,948.2,SARI,FALSE,100000,21-23m
South Africa,2011-2016,23,554.5,238.8,948.2,SARI,FALSE,100000,21-23m
South Africa,2011-2016,24,135,85.3,204.4,SARI,FALSE,100000,24-35m
South Africa,2011-2016,25,135,85.3,204.4,SARI,FALSE,100000,24-35m
South Africa,2011-2016,26,135,85.3,204.4,SARI,FALSE,100000,24-35m
South Africa,2011-2016,27,135,85.3,204.4,SARI,FALSE,100000,24-35m
South Africa,2011-2016,28,135,85.3,204.4,SARI,FALSE,100000,24-35m
South Africa,2011-2016,29,135,85.3,204.4,SARI,FALSE,100000,24-35m
South Africa,2011-2016,30,135,85.3,204.4,SARI,FALSE,100000,24-35m
South Africa,2011-2016,31,135,85.3,204.4,SARI,FALSE,100000,24-35m
South Africa,2011-2016,32,135,85.3,204.4,SARI,FALSE,100000,24-35m
South Africa,2011-2016,33,135,85.3,204.4,SARI,FALSE,100000,24-35m
South Africa,2011-2016,34,135,85.3,204.4,SARI,FALSE,100000,24-35m
South Africa,2011-2016,35,135,85.3,204.4,SARI,FALSE,100000,24-35m
South Africa,2011-2016,36,66.4,29.9,118,SARI,FALSE,100000,36-47m
South Africa,2011-2016,37,66.4,29.9,118,SARI,FALSE,100000,36-47m
South Africa,2011-2016,38,66.4,29.9,118,SARI,FALSE,100000,36-47m
South Africa,2011-2016,39,66.4,29.9,118,SARI,FALSE,100000,36-47m
South Africa,2011-2016,40,66.4,29.9,118,SARI,FALSE,100000,36-47m
South Africa,2011-2016,41,66.4,29.9,118,SARI,FALSE,100000,36-47m
South Africa,2011-2016,42,66.4,29.9,118,SARI,FALSE,100000,36-47m
South Africa,2011-2016,43,66.4,29.9,118,SARI,FALSE,100000,36-47m
South Africa,2011-2016,44,66.4,29.9,118,SARI,FALSE,100000,36-47m
South Africa,2011-2016,45,66.4,29.9,118,SARI,FALSE,100000,36-47m
South Africa,2011-2016,46,66.4,29.9,118,SARI,FALSE,100000,36-47m
South Africa,2011-2016,47,66.4,29.9,118,SARI,FALSE,100000,36-47m
South Africa,2011-2016,48,67.8,31.7,118.8,SARI,FALSE,100000,48-59m
South Africa,2011-2016,49,67.8,31.7,118.8,SARI,FALSE,100000,48-59m
South Africa,2011-2016,50,67.8,31.7,118.8,SARI,FALSE,100000,48-59m
South Africa,2011-2016,51,67.8,31.7,118.8,SARI,FALSE,100000,48-59m
South Africa,2011-2016,52,67.8,31.7,118.8,SARI,FALSE,100000,48-59m
South Africa,2011-2016,53,67.8,31.7,118.8,SARI,FALSE,100000,48-59m
South Africa,2011-2016,54,67.8,31.7,118.8,SARI,FALSE,100000,48-59m
South Africa,2011-2016,55,67.8,31.7,118.8,SARI,FALSE,100000,48-59m
South Africa,2011-2016,56,67.8,31.7,118.8,SARI,FALSE,100000,48-59m
South Africa,2011-2016,57,67.8,31.7,118.8,SARI,FALSE,100000,48-59m
South Africa,2011-2016,58,67.8,31.7,118.8,SARI,FALSE,100000,48-59m
South Africa,2011-2016,59,67.8,31.7,118.8,SARI,FALSE,100000,48-59m
